userName,at,content,score,thumbsUpCount,content_processed_FINAL,tokenize_review,no_symbol,label
YT‚Ä¢RIZ GANT OFFICIAL,10/21/2025 15:36,game nya susah banget anj cuman buat login bikin akun di persulit game konfl,1,0,game susah banget anjing cuman login akun sulit game konfl,"['game', 'susah', 'banget', 'anjing', 'cuman', 'login', 'akun', 'sulit', 'game', 'konfl']","['game', 'susah', 'banget', 'anjing', 'cuman', 'login', 'akun', 'sulit', 'game', 'konfl']",negative
Muhamad Rayhan Al Fazry,10/6/2025 14:29,game hebat,5,0,game hebat,"['game', 'hebat']","['game', 'hebat']",positive
muhammad ridho official,10/21/2025 14:42,not good,1,0,not good,"['not', 'good']","['not', 'good']",negative
Fatur Rahman,10/21/2025 13:56,bagus,5,0,bagus,['bagus'],['bagus'],positive
rmdn ballboy,10/21/2025 13:23,"i really love this game but i'm always disappointed with the system. i can't log in using data/wifi, it often disconnects, and i get banned for no reason.",1,0,really love this game but im always disappointed with the system cant login in using datawifi it often disconnects and get banned for no reason,"['really', 'love', 'this', 'game', 'but', 'im', 'always', 'disappointed', 'with', 'the', 'system', 'cant', 'login', 'in', 'using', 'datawifi', 'it', 'often', 'disconnects', 'and', 'get', 'banned', 'for', 'no', 'reason']","['really', 'love', 'this', 'game', 'but', 'im', 'always', 'disappointed', 'with', 'the', 'system', 'cant', 'login', 'in', 'using', 'datawifi', 'it', 'often', 'disconnects', 'and', 'get', 'banned', 'for', 'no', 'reason']",negative
kaji erorr,10/21/2025 12:55,geme anj,5,0,geme anjing,"['geme', 'anjing']","['geme', 'anjing']",positive
Achmad Sayy,10/21/2025 12:13,ini game susah banget dh masuk nya harus bnyak sabar masuk doang ke dalam game susah bangeetttttt,1,0,game susah banget masuk bnyak sabar masuk doang game susah bangeetttttt,"['game', 'susah', 'banget', 'masuk', 'bnyak', 'sabar', 'masuk', 'doang', 'game', 'susah', 'bangeetttttt']","['game', 'susah', 'banget', 'masuk', 'bnyak', 'sabar', 'masuk', 'doang', 'game', 'susah', 'bangeetttttt']",negative
Fubuki,10/21/2025 11:51,banyak player casino dan bot,1,1,player casino bot,"['player', 'casino', 'bot']","['player', 'casino', 'bot']",negative
Natalia Nini,10/21/2025 11:46,i love gt,5,0,love,['love'],['love'],positive
cecok deps,10/21/2025 11:26,"gamenya suka ngeban orang tanpa alasan yang jelas, mohon perbaiki",1,0,gamenya suka ngeban orang alas mohon baik,"['gamenya', 'suka', 'ngeban', 'orang', 'alas', 'mohon', 'baik']","['gamenya', 'suka', 'ngeban', 'orang', 'alas', 'mohon', 'baik']",negative
Aditya Pernando,10/21/2025 10:41,game rusak banyak bot ketimbang player. player yang asli malah kaga di urus,1,0,game rusak bot ketimbang player player asli kaga urus,"['game', 'rusak', 'bot', 'ketimbang', 'player', 'player', 'asli', 'kaga', 'urus']","['game', 'rusak', 'bot', 'ketimbang', 'player', 'player', 'asli', 'kaga', 'urus']",negative
kyandra anjayy,10/21/2025 8:13,"bro i hate this game, i can't login, when i try to login it's say ""try to login again"" tf u mean i already try 1000x cmon bruh fix this dumb ahh game",1,0,bro hate this game cant login when try to login its say try to login again tf mean already try cmon bruh fix this dumb ahh game,"['bro', 'hate', 'this', 'game', 'cant', 'login', 'when', 'try', 'to', 'login', 'its', 'say', 'try', 'to', 'login', 'again', 'tf', 'mean', 'already', 'try', 'cmon', 'bruh', 'fix', 'this', 'dumb', 'ahh', 'game']","['bro', 'hate', 'this', 'game', 'cant', 'login', 'when', 'try', 'to', 'login', 'its', 'say', 'try', 'to', 'login', 'again', 'tf', 'mean', 'already', 'try', 'cmon', 'bruh', 'fix', 'this', 'dumb', 'ahh', 'game']",negative
Bapak Gue,10/21/2025 7:53,"game ini mempunyai sistem banned yang buruk bayangin aja lagi enak enak jual world tiba tiba akun ke suspend dengan alasan ""spamming"" padahal saya cuma ngetik setiap 30 detik sekali enggak nyepam,terus pas hubungin cs katanya ""ban ini valid"" valid dari hongkong",1,0,game sistem banned buruk bayangin enak enak jual world akun suspend alas spamming ngetik detik nyepamterus pas hubungin cs ban valid valid hongkong,"['game', 'sistem', 'banned', 'buruk', 'bayangin', 'enak', 'enak', 'jual', 'world', 'akun', 'suspend', 'alas', 'spamming', 'ngetik', 'detik', 'nyepamterus', 'pas', 'hubungin', 'cs', 'ban', 'valid', 'valid', 'hongkong']","['game', 'sistem', 'banned', 'buruk', 'bayangin', 'enak', 'enak', 'jual', 'world', 'akun', 'suspend', 'alas', 'spamming', 'ngetik', 'detik', 'nyepamterus', 'pas', 'hubungin', 'cs', 'ban', 'valid', 'valid', 'hongkong']",negative
Aflaha Mukmin S,10/21/2025 7:31,terkena ban tanpa alasan.,1,0,kena ban alas,"['kena', 'ban', 'alas']","['kena', 'ban', 'alas']",negative
Faiz Naufal,10/21/2025 4:58,server not godd,1,0,server not godd,"['server', 'not', 'godd']","['server', 'not', 'godd']",negative
Zaidan,10/21/2025 2:25,server jembot,1,0,server jembot,"['server', 'jembot']","['server', 'jembot']",negative
Mohamad Sudar,10/21/2025 2:14,"semakin lama, semakin gak bisa login gak ngerti lagi sama ubisoft apa indonesia sudah tidak boleh memainkan growtopia? padahal dulu lancar-lancar saja jika mau bermain growtopia kenapa sekarang susah banget ya",1,0,login ngerti ubisoft indonesia main lancarlancar main susah banget,"['login', 'ngerti', 'ubisoft', 'indonesia', 'main', 'lancarlancar', 'main', 'susah', 'banget']","['login', 'ngerti', 'ubisoft', 'indonesia', 'main', 'lancarlancar', 'main', 'susah', 'banget']",negative
Abraham Panjaitan,10/21/2025 2:00,saya menonton iklan 3x untuk pet battle heal dan saya tidak mendapat kan reward nya,1,8,tonton iklan pet battle heal reward,"['tonton', 'iklan', 'pet', 'battle', 'heal', 'reward']","['tonton', 'iklan', 'pet', 'battle', 'heal', 'reward']",negative
Iyan_7,10/20/2025 20:09,streess pas log drama mulu,1,0,streess pas login drama mulu,"['streess', 'pas', 'login', 'drama', 'mulu']","['streess', 'pas', 'login', 'drama', 'mulu']",negative
Lili Indrawati,10/20/2025 19:35,server nyaa tolong do perbaiki lagi sama bot spam nya banyak banget tambah mods kalo bisaa yaa,1,2,server nyaa tolong do baik bot spam banget mods bisaa yaa,"['server', 'nyaa', 'tolong', 'do', 'baik', 'bot', 'spam', 'banget', 'mods', 'bisaa', 'yaa']","['server', 'nyaa', 'tolong', 'do', 'baik', 'bot', 'spam', 'banget', 'mods', 'bisaa', 'yaa']",negative
Arfianto Prastyo Wibowo,10/20/2025 15:52,"udahlah pake login kek dulu aja, sekarang malah dipersulit mau login aja dipersulit.",1,0,udahlah login sulit login sulit,"['udahlah', 'login', 'sulit', 'login', 'sulit']","['udahlah', 'login', 'sulit', 'login', 'sulit']",negative
Muhammad Syafiq,10/20/2025 15:34,"gamenya bagus sih,yang bikin jelek ya karena banyak botnya aja.",5,0,gamenya bagus sihyang jelek bot,"['gamenya', 'bagus', 'sihyang', 'jelek', 'bot']","['gamenya', 'bagus', 'sihyang', 'jelek', 'bot']",positive
Tito Arroshid,10/20/2025 15:30,"sangat memorable, tapi tolong servernya lebih dimantapkan lagiüôåüèª",4,0,memorable tolong servernya mantap,"['memorable', 'tolong', 'servernya', 'mantap']","['memorable', 'tolong', 'servernya', 'mantap']",positive
Mhmmd brizqyaja,10/20/2025 15:08,good,5,0,good,['good'],['good'],positive
Erlan Mnwr,10/20/2025 13:38,fix ur server,1,0,fix ur server,"['fix', 'ur', 'server']","['fix', 'ur', 'server']",negative
Smug Hatt,10/20/2025 13:04,game burik loading lama bgt dongoo dongo,1,0,game burik loading banget dongoo dongo,"['game', 'burik', 'loading', 'banget', 'dongoo', 'dongo']","['game', 'burik', 'loading', 'banget', 'dongoo', 'dongo']",negative
Mondes.co. id,10/20/2025 12:49,dead game bad server bruh,1,6,dead game bad server bruh,"['dead', 'game', 'bad', 'server', 'bruh']","['dead', 'game', 'bad', 'server', 'bruh']",negative
Wendy,10/20/2025 12:48,game tolollllll,1,2,game tolollllll,"['game', 'tolollllll']","['game', 'tolollllll']",negative
LHUTFI SHORT,10/20/2025 12:28,susah login,1,1,susah login,"['susah', 'login']","['susah', 'login']",negative
athayanurul hidayah,10/20/2025 11:34,enak banget game-nya,5,0,enak banget gamenya,"['enak', 'banget', 'gamenya']","['enak', 'banget', 'gamenya']",positive
Nicho Nicholas ryan putra,10/20/2025 10:25,saya suka game iniüòÅüòÅ,5,0,suka game,"['suka', 'game']","['suka', 'game']",positive
about 23,10/20/2025 8:58,"bad game , this game its not for fun , system banned player no reason , so dont waste your time , gl",1,0,bad game this game its not for fun system banned player no reason so dont waste your time gl,"['bad', 'game', 'this', 'game', 'its', 'not', 'for', 'fun', 'system', 'banned', 'player', 'no', 'reason', 'so', 'dont', 'waste', 'your', 'time', 'gl']","['bad', 'game', 'this', 'game', 'its', 'not', 'for', 'fun', 'system', 'banned', 'player', 'no', 'reason', 'so', 'dont', 'waste', 'your', 'time', 'gl']",negative
David napu,10/20/2025 8:43,perbaiki lagi server,5,0,baik server,"['baik', 'server']","['baik', 'server']",positive
PUTRA Rizky,10/6/2025 14:28,mantap game bagus tapi lag banyak bot dan tiba¬≤ aku kena ban nyasar untung ke unban game nya bagus,4,1,mantap game bagus lag bot kena ban nyasar untung unban game bagus,"['mantap', 'game', 'bagus', 'lag', 'bot', 'kena', 'ban', 'nyasar', 'untung', 'unban', 'game', 'bagus']","['mantap', 'game', 'bagus', 'lag', 'bot', 'kena', 'ban', 'nyasar', 'untung', 'unban', 'game', 'bagus']",positive
Ammar 999,10/20/2025 8:18,gamenya lumayan seru,5,0,gamenya lumayan seru,"['gamenya', 'lumayan', 'seru']","['gamenya', 'lumayan', 'seru']",positive
DA Bz,10/20/2025 7:25,game burik masa windah di ban,1,0,game burik windah ban,"['game', 'burik', 'windah', 'ban']","['game', 'burik', 'windah', 'ban']",negative
3_Bharyo Arriq Valiant_331,10/20/2025 7:25,"gem tolol masuk aja dipersulit,entah using vpn ,error connection,ban temporary,please try again kah,ip keblokir ada aja masalahnya.",1,1,game tolol masuk dipersulitentah using vpn error connectionban temporaryplease try again kahip blokir,"['game', 'tolol', 'masuk', 'dipersulitentah', 'using', 'vpn', 'error', 'connectionban', 'temporaryplease', 'try', 'again', 'kahip', 'blokir']","['game', 'tolol', 'masuk', 'dipersulitentah', 'using', 'vpn', 'error', 'connectionban', 'temporaryplease', 'try', 'again', 'kahip', 'blokir']",negative
Ness Rmx,10/20/2025 7:08,developer taii game samapah delete aja asuu,1,0,developer taii game samapah delete asuu,"['developer', 'taii', 'game', 'samapah', 'delete', 'asuu']","['developer', 'taii', 'game', 'samapah', 'delete', 'asuu']",negative
Saskia M sabri,10/20/2025 6:32,bad game,1,0,bad game,"['bad', 'game']","['bad', 'game']",negative
LiiKu,10/20/2025 6:30,buruk dari segi banyak hal. contoh kecil server terlalu buruk,1,0,buruk segi contoh server buruk,"['buruk', 'segi', 'contoh', 'server', 'buruk']","['buruk', 'segi', 'contoh', 'server', 'buruk']",negative
Nathan Store,10/20/2025 5:37,game ta1 kebanyakan bot update terus tapi ga pernah ilangin bot,1,0,game ta banyak bot update ilangin bot,"['game', 'ta', 'banyak', 'bot', 'update', 'ilangin', 'bot']","['game', 'ta', 'banyak', 'bot', 'update', 'ilangin', 'bot']",negative
Rei Gunawan,10/20/2025 2:45,"mau login aja ribet bgt harus sering login usher name pass, trus disuruh check connection jgn pake vpn pdhl ga ad pake. mau main aja ribet bgt",1,0,login ribet banget login usher name pass trus suruh check connection jgn vpn pdhl ad main ribet banget,"['login', 'ribet', 'banget', 'login', 'usher', 'name', 'pass', 'trus', 'suruh', 'check', 'connection', 'jgn', 'vpn', 'pdhl', 'ad', 'main', 'ribet', 'banget']","['login', 'ribet', 'banget', 'login', 'usher', 'name', 'pass', 'trus', 'suruh', 'check', 'connection', 'jgn', 'vpn', 'pdhl', 'ad', 'main', 'ribet', 'banget']",negative
Dani Satria,10/20/2025 1:43,"server dh penuh sama bot semua, bahkan trader pun ga sampe 10k gw liat2 di semua trade world plis admin bantu bot singkirin semua bot cuy demi kenyamanan bersama. gw mau login aja susah nya minta ampun padahal sepele bgt cuma mau farming/massing farmable item, gmn mau famous klo isinya bot semua dan itu yg bikin currency gt menurun plis perbaiki growtopia kek dluüôè",1,0,server penuh bot trader sampe liat trade world plis bantu bot singkirin bot nyaman login susah ampun sepele banget farmingmassing farmable item gmn famous isi bot currency turun plis baik dlu,"['server', 'penuh', 'bot', 'trader', 'sampe', 'liat', 'trade', 'world', 'plis', 'bantu', 'bot', 'singkirin', 'bot', 'nyaman', 'login', 'susah', 'ampun', 'sepele', 'banget', 'farmingmassing', 'farmable', 'item', 'gmn', 'famous', 'isi', 'bot', 'currency', 'turun', 'plis', 'baik', 'dlu']","['server', 'penuh', 'bot', 'trader', 'sampe', 'liat', 'trade', 'world', 'plis', 'bantu', 'bot', 'singkirin', 'bot', 'nyaman', 'login', 'susah', 'ampun', 'sepele', 'banget', 'farmingmassing', 'farmable', 'item', 'gmn', 'famous', 'isi', 'bot', 'currency', 'turun', 'plis', 'baik', 'dlu']",negative
soul land,10/20/2025 0:28,"server ancur, suka suspen player legal, kalo ga niat ngurus game mending jual ke pihak lain aja yang lebih bertanggung jawab",1,0,server ancur suka suspen player legal niat ngurus game mending jual tanggung,"['server', 'ancur', 'suka', 'suspen', 'player', 'legal', 'niat', 'ngurus', 'game', 'mending', 'jual', 'tanggung']","['server', 'ancur', 'suka', 'suspen', 'player', 'legal', 'niat', 'ngurus', 'game', 'mending', 'jual', 'tanggung']",negative
TheDhaniBro,10/19/2025 23:49,"sering bermasalah dari server maupun gameplay. entah kenapa sering dc, ngelag, dan kena pelanggaran vpn padahal aku gak makek vpn sama sekali.",1,15,masalah server gameplay dc ngelag kena langgar vpn makek vpn,"['masalah', 'server', 'gameplay', 'dc', 'ngelag', 'kena', 'langgar', 'vpn', 'makek', 'vpn']","['masalah', 'server', 'gameplay', 'dc', 'ngelag', 'kena', 'langgar', 'vpn', 'makek', 'vpn']",negative
FARRE L,10/19/2025 17:49,"i just logged in, why is it taking so long?",1,0,just logged in why is it taking so long,"['just', 'logged', 'in', 'why', 'is', 'it', 'taking', 'so', 'long']","['just', 'logged', 'in', 'why', 'is', 'it', 'taking', 'so', 'long']",negative
Jonson Oppo,10/19/2025 16:54,akun udah lama gk dimainin pas on mlh dh ke ban dasar game gajelasss udah hapus aja tu game,1,0,akun udah dimainin pas on mlh ban dasar game gajelasss udah hapus tu game,"['akun', 'udah', 'dimainin', 'pas', 'on', 'mlh', 'ban', 'dasar', 'game', 'gajelasss', 'udah', 'hapus', 'tu', 'game']","['akun', 'udah', 'dimainin', 'pas', 'on', 'mlh', 'ban', 'dasar', 'game', 'gajelasss', 'udah', 'hapus', 'tu', 'game']",negative
Rezii,10/19/2025 16:53,susah login pake data pake wifi aman aman aja,1,0,susah login data wifi aman aman,"['susah', 'login', 'data', 'wifi', 'aman', 'aman']","['susah', 'login', 'data', 'wifi', 'aman', 'aman']",negative
Mugen Tsukoyomi,10/19/2025 16:50,can ur back my money.. i wanna quit.. ur server is destroy..,1,2,can ur back my money wan na quit ur server is destroy,"['can', 'ur', 'back', 'my', 'money', 'wan', 'na', 'quit', 'ur', 'server', 'is', 'destroy']","['can', 'ur', 'back', 'my', 'money', 'wan', 'na', 'quit', 'ur', 'server', 'is', 'destroy']",negative
Kelvin Yy,10/19/2025 16:50,game kacau ini baru new player udah kena ban permanen.,1,0,game kacau new player udah kena ban permanen,"['game', 'kacau', 'new', 'player', 'udah', 'kena', 'ban', 'permanen']","['game', 'kacau', 'new', 'player', 'udah', 'kena', 'ban', 'permanen']",negative
Rafly Akbar,10/19/2025 16:07,super duper very very bad server,1,0,super duper very very bad server,"['super', 'duper', 'very', 'very', 'bad', 'server']","['super', 'duper', 'very', 'very', 'bad', 'server']",negative
Damar agung wicaksono,10/19/2025 16:02,server buruk,1,0,server buruk,"['server', 'buruk']","['server', 'buruk']",negative
Farid Abil,10/19/2025 15:55,idiot game server lag kontolll,1,0,idiot game server lag kontolll,"['idiot', 'game', 'server', 'lag', 'kontolll']","['idiot', 'game', 'server', 'lag', 'kontolll']",negative
ozan 12,10/19/2025 15:33,"server lag terus, dikit dikit dc, ercon",1,0,server lag dikit dikit dc ercon,"['server', 'lag', 'dikit', 'dikit', 'dc', 'ercon']","['server', 'lag', 'dikit', 'dikit', 'dc', 'ercon']",negative
Ruli Gemoy,10/19/2025 15:23,bagus tapi suka gagal login jadi kesel,2,0,bagus suka gagal login kesel,"['bagus', 'suka', 'gagal', 'login', 'kesel']","['bagus', 'suka', 'gagal', 'login', 'kesel']",negative
Linda Tandean,10/19/2025 14:44,keren,5,0,keren,['keren'],['keren'],positive
Lanapajar,10/19/2025 14:25,tutup dh ini game kebanyakan drama,1,0,tutup game banyak drama,"['tutup', 'game', 'banyak', 'drama']","['tutup', 'game', 'banyak', 'drama']",negative
Rumah Ku,10/19/2025 13:39,game yg bgs,1,0,game bgs,"['game', 'bgs']","['game', 'bgs']",negative
Naufal Firdaus,10/19/2025 13:08,masuk world ngeleg,1,0,masuk world ngeleg,"['masuk', 'world', 'ngeleg']","['masuk', 'world', 'ngeleg']",negative
Pixel Nihdeck,10/19/2025 12:46,jelek tidak memuaskan masa youtuber aja di banned padahal ga ngapa ngapain,1,0,jelek muas youtuber banned ngapa ngapain,"['jelek', 'muas', 'youtuber', 'banned', 'ngapa', 'ngapain']","['jelek', 'muas', 'youtuber', 'banned', 'ngapa', 'ngapain']",negative
Septian Harry,10/19/2025 12:36,"banyak bot, banyak scammer, banyak hackers, tidak diselesaikan oleh ubisoft. sudah main bertahun tahun membangun kerajaan akhirnya kena hack juga.. tolong keamanan akun player dan server di tingkatkan..",2,0,bot scammer hackers selesai ubisoft main tahun bangun raja kena hack tolong aman akun player server tingkat,"['bot', 'scammer', 'hackers', 'selesai', 'ubisoft', 'main', 'tahun', 'bangun', 'raja', 'kena', 'hack', 'tolong', 'aman', 'akun', 'player', 'server', 'tingkat']","['bot', 'scammer', 'hackers', 'selesai', 'ubisoft', 'main', 'tahun', 'bangun', 'raja', 'kena', 'hack', 'tolong', 'aman', 'akun', 'player', 'server', 'tingkat']",negative
Arrien Satoru,10/19/2025 12:15,oi ubi lembu lama banget maintenance ya apan dah,1,0,oi ubi lembu banget maintenance apan,"['oi', 'ubi', 'lembu', 'banget', 'maintenance', 'apan']","['oi', 'ubi', 'lembu', 'banget', 'maintenance', 'apan']",negative
Fata ID,10/19/2025 11:50,aplikasi keren game nya seru beut dah,1,0,aplikasi keren game seru beut,"['aplikasi', 'keren', 'game', 'seru', 'beut']","['aplikasi', 'keren', 'game', 'seru', 'beut']",negative
Onag Hh,10/19/2025 11:48,game yang sangat seru,5,2,game seru,"['game', 'seru']","['game', 'seru']",positive
Rkinn,10/19/2025 11:48,"permasalahan tentang login, jelek,lama,males mainüôÑüòπüòπüòπ",1,0,masalah login jeleklamamales main,"['masalah', 'login', 'jeleklamamales', 'main']","['masalah', 'login', 'jeleklamamales', 'main']",negative
KaDaL Pixel,10/19/2025 11:23,semangat benerin server,4,0,semangat benerin server,"['semangat', 'benerin', 'server']","['semangat', 'benerin', 'server']",positive
Endangstyaningsih,10/19/2025 10:57,"gamenya bagus,tapi saya terkena ban dua akun tanpa alasanya pls saya minto tolong",5,0,gamenya bagustapi kena ban akun alasanya pls minto tolong,"['gamenya', 'bagustapi', 'kena', 'ban', 'akun', 'alasanya', 'pls', 'minto', 'tolong']","['gamenya', 'bagustapi', 'kena', 'ban', 'akun', 'alasanya', 'pls', 'minto', 'tolong']",positive
HASSO B,10/19/2025 10:23,"trash game lol, gt its dead game in 2025",5,0,trash game lol its dead game in,"['trash', 'game', 'lol', 'its', 'dead', 'game', 'in']","['trash', 'game', 'lol', 'its', 'dead', 'game', 'in']",positive
Claim Item,10/19/2025 10:01,"hello growtopia, i want to ask something. why is it that when i want to play growtopia again after eating, a screen appears that says ""growtopia is under maintenance."" i tried logging out of my account and logging back in, but it's still the same. i tried uninstalling growtopia and downloading it, but it's still the same. what should i do?",5,0,hello want to ask something why is it that when want to play again after eating screen appears that says is under maintenance tried logging out of my account and logging back in but its still the same tried uninstalling and downloading it but its still the same what should do,"['hello', 'want', 'to', 'ask', 'something', 'why', 'is', 'it', 'that', 'when', 'want', 'to', 'play', 'again', 'after', 'eating', 'screen', 'appears', 'that', 'says', 'is', 'under', 'maintenance', 'tried', 'logging', 'out', 'of', 'my', 'account', 'and', 'logging', 'back', 'in', 'but', 'its', 'still', 'the', 'same', 'tried', 'uninstalling', 'and', 'downloading', 'it', 'but', 'its', 'still', 'the', 'same', 'what', 'should', 'do']","['hello', 'want', 'to', 'ask', 'something', 'why', 'is', 'it', 'that', 'when', 'want', 'to', 'play', 'again', 'after', 'eating', 'screen', 'appears', 'that', 'says', 'is', 'under', 'maintenance', 'tried', 'logging', 'out', 'of', 'my', 'account', 'and', 'logging', 'back', 'in', 'but', 'its', 'still', 'the', 'same', 'tried', 'uninstalling', 'and', 'downloading', 'it', 'but', 'its', 'still', 'the', 'same', 'what', 'should', 'do']",positive
Andre_ waeee,10/19/2025 10:01,kok bisa kena ban padahal gak main casino tapi alasan ke ban gara gara casino,1,0,kena ban main casino alas ban gara gara casino,"['kena', 'ban', 'main', 'casino', 'alas', 'ban', 'gara', 'gara', 'casino']","['kena', 'ban', 'main', 'casino', 'alas', 'ban', 'gara', 'gara', 'casino']",negative
Muflih Rasyid,10/19/2025 9:43,mantap game nya bagus tapi scammer banyak,1,0,mantap game bagus scammer,"['mantap', 'game', 'bagus', 'scammer']","['mantap', 'game', 'bagus', 'scammer']",negative
01. AERIO RIZKI BIMA SAPUTRA,10/19/2025 8:28,game busuk windah di ban lu begok,1,0,game busuk windah ban lu begok,"['game', 'busuk', 'windah', 'ban', 'lu', 'begok']","['game', 'busuk', 'windah', 'ban', 'lu', 'begok']",negative
Jovandi,10/19/2025 8:24,bgus la,5,0,bgus la,"['bgus', 'la']","['bgus', 'la']",positive
Riskipipit Riskipipit,10/19/2025 7:57,gamenya jelek banget,1,0,gamenya jelek banget,"['gamenya', 'jelek', 'banget']","['gamenya', 'jelek', 'banget']",negative
giordano,10/19/2025 7:53,gameny keren dan menyenangkan game ini juga mengajarkan kita banyak hal,5,0,gameny keren senang game ajar,"['gameny', 'keren', 'senang', 'game', 'ajar']","['gameny', 'keren', 'senang', 'game', 'ajar']",positive
Baca Baca,10/19/2025 7:51,susah banget mau login conection error mulu,1,3,susah banget login conection error mulu,"['susah', 'banget', 'login', 'conection', 'error', 'mulu']","['susah', 'banget', 'login', 'conection', 'error', 'mulu']",negative
Mahyu din,10/19/2025 6:18,ty for game,5,0,ty for game,"['ty', 'for', 'game']","['ty', 'for', 'game']",positive
Kluyuttt _____,10/19/2025 6:16,huuu,1,0,huuu,['huuu'],['huuu'],negative
Shinjii Hirako,10/19/2025 5:03,dev gblk gada niat perbaiki server banyak bot auto hapus aja ni game,1,0,dev gblk gada niat baik server bot auto hapus game,"['dev', 'gblk', 'gada', 'niat', 'baik', 'server', 'bot', 'auto', 'hapus', 'game']","['dev', 'gblk', 'gada', 'niat', 'baik', 'server', 'bot', 'auto', 'hapus', 'game']",negative
Agilafk,10/19/2025 4:39,gamenya sangat bagus dan menyenangkan,5,0,gamenya bagus senang,"['gamenya', 'bagus', 'senang']","['gamenya', 'bagus', 'senang']",positive
Pp Mm,10/19/2025 3:46,"game jelek mending hapus aja.... !! padahal wifi bagus lancar kok kesalahan jaringan lah, pake vpn lah, perbaiki lah game ini kok jelek amat dalam pemrosesan server dan hapus bot yang ada di server server nya...... !!! malas main kalo beginimah",1,2,game jelek mending hapus wifi bagus lancar salah jaring vpn baik game jelek pemrosesan server hapus bot server server malas main beginimah,"['game', 'jelek', 'mending', 'hapus', 'wifi', 'bagus', 'lancar', 'salah', 'jaring', 'vpn', 'baik', 'game', 'jelek', 'pemrosesan', 'server', 'hapus', 'bot', 'server', 'server', 'malas', 'main', 'beginimah']","['game', 'jelek', 'mending', 'hapus', 'wifi', 'bagus', 'lancar', 'salah', 'jaring', 'vpn', 'baik', 'game', 'jelek', 'pemrosesan', 'server', 'hapus', 'bot', 'server', 'server', 'malas', 'main', 'beginimah']",negative
DRAGON oskar,10/19/2025 3:41,banyak akun bot yang login,5,0,akun bot login,"['akun', 'bot', 'login']","['akun', 'bot', 'login']",positive
channel Yuki,10/19/2025 2:29,bot nya yaampun tolong di kondisikan,1,0,bot yaampun tolong kondisi,"['bot', 'yaampun', 'tolong', 'kondisi']","['bot', 'yaampun', 'tolong', 'kondisi']",negative
Ersa Andrian,10/19/2025 1:41,fix failed login,1,0,fix failed login,"['fix', 'failed', 'login']","['fix', 'failed', 'login']",negative
Desen,10/19/2025 1:13,server susah mau tidak guna game hancur banyak bot,1,1,server susah game hancur bot,"['server', 'susah', 'game', 'hancur', 'bot']","['server', 'susah', 'game', 'hancur', 'bot']",negative
Ryan Pradana,10/19/2025 0:02,"tiap mau login ada notif ""check your internet and make sure you not using vpn"" lahh gua ga main pake vpn kocak gitu aja trus aneh , benerin lah nih servernya",1,0,login notif check your internet and make sure you not using vpn lahh main vpn kocak trus aneh benerin servernya,"['login', 'notif', 'check', 'your', 'internet', 'and', 'make', 'sure', 'you', 'not', 'using', 'vpn', 'lahh', 'main', 'vpn', 'kocak', 'trus', 'aneh', 'benerin', 'servernya']","['login', 'notif', 'check', 'your', 'internet', 'and', 'make', 'sure', 'you', 'not', 'using', 'vpn', 'lahh', 'main', 'vpn', 'kocak', 'trus', 'aneh', 'benerin', 'servernya']",negative
Syahrul Ramadhan,10/18/2025 23:28,"kenapa pihak developer membanned akun windah basudara ? jangan beralasan kembalikan dan buka suspend atau banned dari pihak developer,kami akan naikan rating setelahnya.kirim email ke youtuber windah basudara dengan permohonan maaf dan juga hadiah sebagai permohonan maaf seperti item langka dalam game",5,0,developer membanned akun windah basudara alas kembali buka suspend banned developerkami naik rating setelahnyakirim email youtuber windah basudara mohon maaf hadiah mohon maaf item langka game,"['developer', 'membanned', 'akun', 'windah', 'basudara', 'alas', 'kembali', 'buka', 'suspend', 'banned', 'developerkami', 'naik', 'rating', 'setelahnyakirim', 'email', 'youtuber', 'windah', 'basudara', 'mohon', 'maaf', 'hadiah', 'mohon', 'maaf', 'item', 'langka', 'game']","['developer', 'membanned', 'akun', 'windah', 'basudara', 'alas', 'kembali', 'buka', 'suspend', 'banned', 'developerkami', 'naik', 'rating', 'setelahnyakirim', 'email', 'youtuber', 'windah', 'basudara', 'mohon', 'maaf', 'hadiah', 'mohon', 'maaf', 'item', 'langka', 'game']",positive
Riodwiriii Pangestuu,10/18/2025 23:02,server jelek,1,0,server jelek,"['server', 'jelek']","['server', 'jelek']",negative
Fathir Pasha Ramadhan,10/18/2025 21:04,"woi ubi lembut benerin server lu lah biar player pd enjoy mainnya, mls bgt stiap lgi asik main psti dc, trus tiba tiba ercon apa bgt anj, blom lgi yg ban asal asalan pdhl ga salah tapi kena ban",1,0,ubi lembut benerin server lu biar player pd enjoy main mls banget stiap lgi asik main psti dc trus ercon banget anj blom lgi ban asal pdhl salah kena ban,"['ubi', 'lembut', 'benerin', 'server', 'lu', 'biar', 'player', 'pd', 'enjoy', 'main', 'mls', 'banget', 'stiap', 'lgi', 'asik', 'main', 'psti', 'dc', 'trus', 'ercon', 'banget', 'anj', 'blom', 'lgi', 'ban', 'asal', 'pdhl', 'salah', 'kena', 'ban']","['ubi', 'lembut', 'benerin', 'server', 'lu', 'biar', 'player', 'pd', 'enjoy', 'main', 'mls', 'banget', 'stiap', 'lgi', 'asik', 'main', 'psti', 'dc', 'trus', 'ercon', 'banget', 'anj', 'blom', 'lgi', 'ban', 'asal', 'pdhl', 'salah', 'kena', 'ban']",negative
Muhammad Abyan Hilmy,10/18/2025 20:52,error connection mulu anj,1,0,error connection mulu anjing,"['error', 'connection', 'mulu', 'anjing']","['error', 'connection', 'mulu', 'anjing']",negative
"Dignasia Palani Anggari, S. Pd.",10/18/2025 18:41,permai an ini sangat seru,5,0,permai an seru,"['permai', 'an', 'seru']","['permai', 'an', 'seru']",positive
Rayyan Saputra26,10/18/2025 17:26,"please fix the server to make players enjoy playing, instead of making them bored because of constant disconnects/errcons.",2,0,please fix the server to make players enjoy playing instead of making them bored because of constant disconnectserrcons,"['please', 'fix', 'the', 'server', 'to', 'make', 'players', 'enjoy', 'playing', 'instead', 'of', 'making', 'them', 'bored', 'because', 'of', 'constant', 'disconnectserrcons']","['please', 'fix', 'the', 'server', 'to', 'make', 'players', 'enjoy', 'playing', 'instead', 'of', 'making', 'them', 'bored', 'because', 'of', 'constant', 'disconnectserrcons']",negative
Muhammad Raihan Noor,10/18/2025 15:18,aneh mau login aja susah di kira pake vpn kocak,1,0,aneh login susah vpn kocak,"['aneh', 'login', 'susah', 'vpn', 'kocak']","['aneh', 'login', 'susah', 'vpn', 'kocak']",negative
Sebastianus Cahyadi,10/18/2025 14:45,good game,5,0,good game,"['good', 'game']","['good', 'game']",positive
Nabil Yanwar,10/18/2025 14:19,mantap!!!!,5,0,mantap,['mantap'],['mantap'],positive
JunBal Ridho,10/18/2025 14:02,game rusak,1,0,game rusak,"['game', 'rusak']","['game', 'rusak']",negative
Wahyu W.,10/18/2025 12:46,"ada bug yg menurut saya sangat mengganggu ketika ingin chat dengan player lain, suka tiba tiba ilang ngga terkirim chatnya",1,0,bug ganggu chat player suka ilang ngga kirim chatnya,"['bug', 'ganggu', 'chat', 'player', 'suka', 'ilang', 'ngga', 'kirim', 'chatnya']","['bug', 'ganggu', 'chat', 'player', 'suka', 'ilang', 'ngga', 'kirim', 'chatnya']",negative
Evening Meo,10/18/2025 12:38,"hapus gt bikin new game mirip seperti growtopia dengan sistem ya g lebih bagus, sistem gt saat ini sangat busuk buruk",1,0,hapus new game sistem bagus sistem busuk buruk,"['hapus', 'new', 'game', 'sistem', 'bagus', 'sistem', 'busuk', 'buruk']","['hapus', 'new', 'game', 'sistem', 'bagus', 'sistem', 'busuk', 'buruk']",negative
Muhammad Aqso,10/18/2025 12:35,dead game lol don't update this game lol ubisof kontol,5,0,dead game lol dont update this game lol ubisof kontol,"['dead', 'game', 'lol', 'dont', 'update', 'this', 'game', 'lol', 'ubisof', 'kontol']","['dead', 'game', 'lol', 'dont', 'update', 'this', 'game', 'lol', 'ubisof', 'kontol']",positive
Marlia Safitri,10/18/2025 12:31,game aneh aku awal download langsung top up tapi akun ku tiba-tiba di suspend tanpa alasan lemah kali sistem kalian,1,0,game aneh download langsung top up akun ku tibatiba suspend alas lemah kali sistem,"['game', 'aneh', 'download', 'langsung', 'top', 'up', 'akun', 'ku', 'tibatiba', 'suspend', 'alas', 'lemah', 'kali', 'sistem']","['game', 'aneh', 'download', 'langsung', 'top', 'up', 'akun', 'ku', 'tibatiba', 'suspend', 'alas', 'lemah', 'kali', 'sistem']",negative
Cuk Darkk,10/18/2025 12:20,ayolah server ku cuma mau beli tools aja gk bisa mssuk world karna overload setiap hari ercon ercon trus gimana orang mau suka sama game nya kalo game nya seperti ini susah login ercon server overload cuma gitu gitu aja gk pernah lancar server nya,1,0,ayo server ku beli tools mssuk world karna overload ercon ercon trus gimana orang suka game game susah login ercon server overload lancar server,"['ayo', 'server', 'ku', 'beli', 'tools', 'mssuk', 'world', 'karna', 'overload', 'ercon', 'ercon', 'trus', 'gimana', 'orang', 'suka', 'game', 'game', 'susah', 'login', 'ercon', 'server', 'overload', 'lancar', 'server']","['ayo', 'server', 'ku', 'beli', 'tools', 'mssuk', 'world', 'karna', 'overload', 'ercon', 'ercon', 'trus', 'gimana', 'orang', 'suka', 'game', 'game', 'susah', 'login', 'ercon', 'server', 'overload', 'lancar', 'server']",negative
Rian. Pkt108,10/18/2025 12:15,"kenapa setelah abdet malah hilang semua world balik awal main wl dl spirit toko yang gua bangun hilang semua asli gak masuk akal kali dah, tolong pihak growtopia tanggapi ini hasil kerja gua hilang semua ini",1,0,abdet hilang world main wl dl spirit toko bangun hilang asli masuk akal kali tolong tanggap hasil kerja hilang,"['abdet', 'hilang', 'world', 'main', 'wl', 'dl', 'spirit', 'toko', 'bangun', 'hilang', 'asli', 'masuk', 'akal', 'kali', 'tolong', 'tanggap', 'hasil', 'kerja', 'hilang']","['abdet', 'hilang', 'world', 'main', 'wl', 'dl', 'spirit', 'toko', 'bangun', 'hilang', 'asli', 'masuk', 'akal', 'kali', 'tolong', 'tanggap', 'hasil', 'kerja', 'hilang']",negative
Panda Gaming,10/18/2025 11:33,bad server,5,0,bad server,"['bad', 'server']","['bad', 'server']",positive
VINN RAZ,10/18/2025 10:59,"game nya bagus cuma servernya , banyak bot gak dibanned plis mods yg digame banned bot spammer",5,1,game bagus servernya bot dibanned plis mods digame banned bot spammer,"['game', 'bagus', 'servernya', 'bot', 'dibanned', 'plis', 'mods', 'digame', 'banned', 'bot', 'spammer']","['game', 'bagus', 'servernya', 'bot', 'dibanned', 'plis', 'mods', 'digame', 'banned', 'bot', 'spammer']",positive
Ferdian Hendru,10/18/2025 10:32,tolong perbaiki server saya sudah +30hari mencoba login tetapi selalu ada masalah seperti ercon dan lainnya stupit,1,2,tolong baik server coba login ercon stupit,"['tolong', 'baik', 'server', 'coba', 'login', 'ercon', 'stupit']","['tolong', 'baik', 'server', 'coba', 'login', 'ercon', 'stupit']",negative
Muammar syarif qadhafy,10/18/2025 8:58,game tolol login aja susah banget semenjak ubisoft yg develop makin aneh ajaa blog,1,1,game tolol login susah banget semenjak ubisoft develop aneh ajaa blog,"['game', 'tolol', 'login', 'susah', 'banget', 'semenjak', 'ubisoft', 'develop', 'aneh', 'ajaa', 'blog']","['game', 'tolol', 'login', 'susah', 'banget', 'semenjak', 'ubisoft', 'develop', 'aneh', 'ajaa', 'blog']",negative
Nizampontianak,10/18/2025 6:55,i didn't know i was farming and suddenly got suspended. i'll share it on tiktok if i do growtopia very bad and unclear i have topped up but i am in the band tampa witness,1,2,didnt know was farming and suddenly got suspended ill share it on tiktok if do very bad and unclear have topped up but am in the band tampa witness,"['didnt', 'know', 'was', 'farming', 'and', 'suddenly', 'got', 'suspended', 'ill', 'share', 'it', 'on', 'tiktok', 'if', 'do', 'very', 'bad', 'and', 'unclear', 'have', 'topped', 'up', 'but', 'am', 'in', 'the', 'band', 'tampa', 'witness']","['didnt', 'know', 'was', 'farming', 'and', 'suddenly', 'got', 'suspended', 'ill', 'share', 'it', 'on', 'tiktok', 'if', 'do', 'very', 'bad', 'and', 'unclear', 'have', 'topped', 'up', 'but', 'am', 'in', 'the', 'band', 'tampa', 'witness']",negative
Yukihira Souma,10/18/2025 6:45,"server sampah ngelag banget,kebanyak bot,dari pada ban nyasar mending ban tuh bot",1,1,server sampah ngelag bangetkebanyak botdari ban nyasar mending ban bot,"['server', 'sampah', 'ngelag', 'bangetkebanyak', 'botdari', 'ban', 'nyasar', 'mending', 'ban', 'bot']","['server', 'sampah', 'ngelag', 'bangetkebanyak', 'botdari', 'ban', 'nyasar', 'mending', 'ban', 'bot']",negative
Lana Lana onyeng,10/18/2025 6:32,"the game is unclear, hopefully it goes bankrupt, 1. my main account was suspended even though i only entered the wrong world csn, 2. even logging in is difficult because of this and that problem, what kind of game is this, it's so unclear",1,0,the game is unclear hopefully it goes bankrupt my main account was suspended even though only entered the wrong world csn even logging in is difficult because of this and that problem what kind of game is this its so unclear,"['the', 'game', 'is', 'unclear', 'hopefully', 'it', 'goes', 'bankrupt', 'my', 'main', 'account', 'was', 'suspended', 'even', 'though', 'only', 'entered', 'the', 'wrong', 'world', 'csn', 'even', 'logging', 'in', 'is', 'difficult', 'because', 'of', 'this', 'and', 'that', 'problem', 'what', 'kind', 'of', 'game', 'is', 'this', 'its', 'so', 'unclear']","['the', 'game', 'is', 'unclear', 'hopefully', 'it', 'goes', 'bankrupt', 'my', 'main', 'account', 'was', 'suspended', 'even', 'though', 'only', 'entered', 'the', 'wrong', 'world', 'csn', 'even', 'logging', 'in', 'is', 'difficult', 'because', 'of', 'this', 'and', 'that', 'problem', 'what', 'kind', 'of', 'game', 'is', 'this', 'its', 'so', 'unclear']",negative
Mhammat Rivai,10/18/2025 6:17,sampah,1,0,sampah,['sampah'],['sampah'],negative
yusril izha mahendra,10/18/2025 6:09,"banyak kendala nya sering di kira guna vpn,sering kena ban nyasar,sering akun limit,tolong di buat lebih baik,saya juga player lama cuman dulu gt ga gini",1,0,kendala vpnsering kena ban nyasarsering akun limittolong baiksaya player cuman gin,"['kendala', 'vpnsering', 'kena', 'ban', 'nyasarsering', 'akun', 'limittolong', 'baiksaya', 'player', 'cuman', 'gin']","['kendala', 'vpnsering', 'kena', 'ban', 'nyasarsering', 'akun', 'limittolong', 'baiksaya', 'player', 'cuman', 'gin']",negative
fandi ahmad maulana putra Tzy,10/18/2025 5:56,"game bagus server ampas mau login aja hrs di spam try login again nunggu 1 hari 2 hari baru bs login,klo ud bs masuk jg pling cm 10 mnitan abistu dc kena spam try login again lagi,prasaan kalo bot yang login lancar2 aja y??üòπ",1,2,game bagus server ampas login hrs spam try login again nunggu bs loginklo ud bs masuk jg pling cm mnitan abistu dc kena spam try login again lagiprasaan bot login lancar,"['game', 'bagus', 'server', 'ampas', 'login', 'hrs', 'spam', 'try', 'login', 'again', 'nunggu', 'bs', 'loginklo', 'ud', 'bs', 'masuk', 'jg', 'pling', 'cm', 'mnitan', 'abistu', 'dc', 'kena', 'spam', 'try', 'login', 'again', 'lagiprasaan', 'bot', 'login', 'lancar']","['game', 'bagus', 'server', 'ampas', 'login', 'hrs', 'spam', 'try', 'login', 'again', 'nunggu', 'bs', 'loginklo', 'ud', 'bs', 'masuk', 'jg', 'pling', 'cm', 'mnitan', 'abistu', 'dc', 'kena', 'spam', 'try', 'login', 'again', 'lagiprasaan', 'bot', 'login', 'lancar']",negative
Julz,10/18/2025 5:42,"badd serverrr, cant login",1,0,badd serverrr cant login,"['badd', 'serverrr', 'cant', 'login']","['badd', 'serverrr', 'cant', 'login']",negative
Agha Putra Ankasa,10/18/2025 4:58,bug eror connecting,1,0,bug eror connecting,"['bug', 'eror', 'connecting']","['bug', 'eror', 'connecting']",negative
Muhammad Idan,10/18/2025 4:22,"game nya ngelag banget semenjak di pegang ubisoft, malah jadi deadgame , saran saya perbahus server saja dulu gausah kaya gini, player banyak yang quit karena server gamenya rusak",1,1,game ngelag banget semenjak pegang ubisoft deadgame saran perbahus server gausah kaya gin player quit server gamenya rusak,"['game', 'ngelag', 'banget', 'semenjak', 'pegang', 'ubisoft', 'deadgame', 'saran', 'perbahus', 'server', 'gausah', 'kaya', 'gin', 'player', 'quit', 'server', 'gamenya', 'rusak']","['game', 'ngelag', 'banget', 'semenjak', 'pegang', 'ubisoft', 'deadgame', 'saran', 'perbahus', 'server', 'gausah', 'kaya', 'gin', 'player', 'quit', 'server', 'gamenya', 'rusak']",negative
Wesley Bong,10/18/2025 2:08,gk bisa login,1,0,login,['login'],['login'],negative
Qaf Kalijaga,10/18/2025 1:43,"game sampah, developer tolol, mods tolol koruptor, bukannya benerin server tiap hari overload malah ributin world asal suspend akun orang ga bersalah",1,0,game sampah developer tolol mods tolol koruptor benerin server overload ributin world suspend akun orang salah,"['game', 'sampah', 'developer', 'tolol', 'mods', 'tolol', 'koruptor', 'benerin', 'server', 'overload', 'ributin', 'world', 'suspend', 'akun', 'orang', 'salah']","['game', 'sampah', 'developer', 'tolol', 'mods', 'tolol', 'koruptor', 'benerin', 'server', 'overload', 'ributin', 'world', 'suspend', 'akun', 'orang', 'salah']",negative
Nicholas Lin,10/17/2025 23:20,awful servers,1,0,awful servers,"['awful', 'servers']","['awful', 'servers']",negative
Vike Nikke,10/17/2025 22:39,apk erorr,1,0,apk erorr,"['apk', 'erorr']","['apk', 'erorr']",negative
jumaing 22,10/17/2025 22:06,bagus game nya tapi sering gabisa masuk,4,0,bagus game gabisa masuk,"['bagus', 'game', 'gabisa', 'masuk']","['bagus', 'game', 'gabisa', 'masuk']",positive
sofa tegar,10/17/2025 21:07,sistem game eror,1,1,sistem game eror,"['sistem', 'game', 'eror']","['sistem', 'game', 'eror']",negative
reyhan m. reyhan,10/17/2025 17:14,jelek,1,1,jelek,['jelek'],['jelek'],negative
Pippo Alfauzan,10/17/2025 16:25,"game sampah, login aja kgk bisa",1,0,game sampah login kgk,"['game', 'sampah', 'login', 'kgk']","['game', 'sampah', 'login', 'kgk']",negative
VA NN,10/17/2025 15:38,benarin server anj,5,0,benarin server anjing,"['benarin', 'server', 'anjing']","['benarin', 'server', 'anjing']",positive
Boboi Boy,10/17/2025 15:35,"okay, fine, why does my account always get banned?",1,0,okay fine why does my account always get banned,"['okay', 'fine', 'why', 'does', 'my', 'account', 'always', 'get', 'banned']","['okay', 'fine', 'why', 'does', 'my', 'account', 'always', 'get', 'banned']",negative
Ridho Maulana,10/17/2025 15:07,why am i always stuck on (please try again in 30 seconds) please fix it,1,4,why am always stuck on please try again in seconds please fix it,"['why', 'am', 'always', 'stuck', 'on', 'please', 'try', 'again', 'in', 'seconds', 'please', 'fix', 'it']","['why', 'am', 'always', 'stuck', 'on', 'please', 'try', 'again', 'in', 'seconds', 'please', 'fix', 'it']",negative
gibranhalo ya,10/17/2025 14:50,ini bagus banget,5,0,bagus banget,"['bagus', 'banget']","['bagus', 'banget']",positive
Tugas Situs,10/17/2025 14:07,"harap jangan main ini game moderatornya gak ada otak, masa diem bentar taunya kena ban. jangan lah asal ban tanpa sebab tayi tayi",1,0,harap main game moderator otak diem bentar tau kena ban ban tayi tayi,"['harap', 'main', 'game', 'moderator', 'otak', 'diem', 'bentar', 'tau', 'kena', 'ban', 'ban', 'tayi', 'tayi']","['harap', 'main', 'game', 'moderator', 'otak', 'diem', 'bentar', 'tau', 'kena', 'ban', 'ban', 'tayi', 'tayi']",negative
OKINE STAR SYNDROME,10/17/2025 14:07,game kacaww pokoknya,1,0,game kacaww pokok,"['game', 'kacaww', 'pokok']","['game', 'kacaww', 'pokok']",negative
Wildansyah,10/17/2025 13:50,"game gajelas susah untuk membuat grow id baru , mod cuek2 gak niat kerja, membuat pemain-pemain lama malas untuk mengulang game kembali",1,1,game gajelas susah grow id mod cuek niat kerja pemainpemain malas ulang game,"['game', 'gajelas', 'susah', 'grow', 'id', 'mod', 'cuek', 'niat', 'kerja', 'pemainpemain', 'malas', 'ulang', 'game']","['game', 'gajelas', 'susah', 'grow', 'id', 'mod', 'cuek', 'niat', 'kerja', 'pemainpemain', 'malas', 'ulang', 'game']",negative
Susi Tra Dewi,10/17/2025 13:17,game gacor banyak bugüòπ,2,0,game gacor bug,"['game', 'gacor', 'bug']","['game', 'gacor', 'bug']",negative
14. Muhammad Andhika Arr.,10/17/2025 12:27,"tolong, perbaiki server dan bug disini, lalu tolong lebih sering ban bot bot auto farming, jangan ban orang yang tidak bersalah",5,0,tolong baik server bug tolong ban bot bot auto farming ban orang salah,"['tolong', 'baik', 'server', 'bug', 'tolong', 'ban', 'bot', 'bot', 'auto', 'farming', 'ban', 'orang', 'salah']","['tolong', 'baik', 'server', 'bug', 'tolong', 'ban', 'bot', 'bot', 'auto', 'farming', 'ban', 'orang', 'salah']",positive
Muhammad Gibran,10/17/2025 11:46,game mantap,5,0,game mantap,"['game', 'mantap']","['game', 'mantap']",positive
Barora Taufa,10/17/2025 11:28,aku seriing terjebak di loading login di tuduh pke vpn lah apalah kita itu cuman mau main game mu ubisoft tolong di benarkan secepatnya bukan nya ngebenrin bug malah update terus sekali lagi tolong secepatnya di benarkan karna kami ini hanya ingin bermain game mu :),1,0,seriing jebak loading login tuduh pke vpn apa cuman main game mu ubisoft tolong benar cepat ngebenrin bug update tolong cepat benar karna main game mu,"['seriing', 'jebak', 'loading', 'login', 'tuduh', 'pke', 'vpn', 'apa', 'cuman', 'main', 'game', 'mu', 'ubisoft', 'tolong', 'benar', 'cepat', 'ngebenrin', 'bug', 'update', 'tolong', 'cepat', 'benar', 'karna', 'main', 'game', 'mu']","['seriing', 'jebak', 'loading', 'login', 'tuduh', 'pke', 'vpn', 'apa', 'cuman', 'main', 'game', 'mu', 'ubisoft', 'tolong', 'benar', 'cepat', 'ngebenrin', 'bug', 'update', 'tolong', 'cepat', 'benar', 'karna', 'main', 'game', 'mu']",negative
Yuuki Sann „Åï,10/17/2025 10:46,"game aneh, mau berantas bot tapi gapernah bisa, csn masih dimana mana, yang jadi korban malah player legal yang mau login malah dituduh make vpn, error login, udah make segala tutor tetep aja gabisa",1,2,game aneh berantas bot gapernah csn mana korban player legal login tuduh make vpn error login udah make tutor tetep gabisa,"['game', 'aneh', 'berantas', 'bot', 'gapernah', 'csn', 'mana', 'korban', 'player', 'legal', 'login', 'tuduh', 'make', 'vpn', 'error', 'login', 'udah', 'make', 'tutor', 'tetep', 'gabisa']","['game', 'aneh', 'berantas', 'bot', 'gapernah', 'csn', 'mana', 'korban', 'player', 'legal', 'login', 'tuduh', 'make', 'vpn', 'error', 'login', 'udah', 'make', 'tutor', 'tetep', 'gabisa']",negative
Rizz Ganzz,10/17/2025 10:46,"game nya overall bagus minus nya di saat masuk ke dalam gamenya, susah dan saya harap pihak growtopia memperbaiki masalah tersebutüôèüôè",5,0,game overall bagus minus masuk gamenya susah harap baik,"['game', 'overall', 'bagus', 'minus', 'masuk', 'gamenya', 'susah', 'harap', 'baik']","['game', 'overall', 'bagus', 'minus', 'masuk', 'gamenya', 'susah', 'harap', 'baik']",positive
Liam Lis,10/17/2025 9:42,"bad game , bad server , bad everything in this game, and we can get our account banned even though we haven't done anything wrong (the game is broken)",1,2,bad game bad server bad everything in this game and we can get our account banned even though we havent done anything wrong the game is broken,"['bad', 'game', 'bad', 'server', 'bad', 'everything', 'in', 'this', 'game', 'and', 'we', 'can', 'get', 'our', 'account', 'banned', 'even', 'though', 'we', 'havent', 'done', 'anything', 'wrong', 'the', 'game', 'is', 'broken']","['bad', 'game', 'bad', 'server', 'bad', 'everything', 'in', 'this', 'game', 'and', 'we', 'can', 'get', 'our', 'account', 'banned', 'even', 'though', 'we', 'havent', 'done', 'anything', 'wrong', 'the', 'game', 'is', 'broken']",negative
Tare Kok Haw,10/17/2025 9:36,"permainan yang belum layak beredar!! untuk login aja sulit, sering dc, error, dll. mending hapus aja nih permainan nya, idio0ot.!!",1,0,main layak edar login sulit dc error dll mending hapus main idioot,"['main', 'layak', 'edar', 'login', 'sulit', 'dc', 'error', 'dll', 'mending', 'hapus', 'main', 'idioot']","['main', 'layak', 'edar', 'login', 'sulit', 'dc', 'error', 'dll', 'mending', 'hapus', 'main', 'idioot']",negative
Ahmad Alfan,10/17/2025 9:05,"please fix the ubisoft game, i can't log in, please delete the pack that has the roulette so that other people don't use it as csn.",1,2,please fix the ubisoft game cant login in please delete the pack that has the roulette so that other people dont use it as csn,"['please', 'fix', 'the', 'ubisoft', 'game', 'cant', 'login', 'in', 'please', 'delete', 'the', 'pack', 'that', 'has', 'the', 'roulette', 'so', 'that', 'other', 'people', 'dont', 'use', 'it', 'as', 'csn']","['please', 'fix', 'the', 'ubisoft', 'game', 'cant', 'login', 'in', 'please', 'delete', 'the', 'pack', 'that', 'has', 'the', 'roulette', 'so', 'that', 'other', 'people', 'dont', 'use', 'it', 'as', 'csn']",negative
Vero Pratama,10/17/2025 8:34,"perbaikiiiii masalah login nya, mau main aja susah banget",1,0,perbaikiiiii login main susah banget,"['perbaikiiiii', 'login', 'main', 'susah', 'banget']","['perbaikiiiii', 'login', 'main', 'susah', 'banget']",negative
Andre Jhonatan,10/17/2025 8:32,trimakasih,5,0,trimakasih,['trimakasih'],['trimakasih'],positive
Reza Rian,10/17/2025 8:17,game busuk. cape cape main di ban,1,0,game busuk cape cape main ban,"['game', 'busuk', 'cape', 'cape', 'main', 'ban']","['game', 'busuk', 'cape', 'cape', 'main', 'ban']",negative
Tl Gan,10/17/2025 7:31,gak da alasan,1,0,da alas,"['da', 'alas']","['da', 'alas']",negative
Koss Kos,10/17/2025 7:27,crazy game,5,0,crazy game,"['crazy', 'game']","['crazy', 'game']",positive
Mrava Musa,10/17/2025 7:26,nggak bisa dimainin oy gagal join server trussü§¨üò≠,1,0,nggak dimainin oy gagal join server truss,"['nggak', 'dimainin', 'oy', 'gagal', 'join', 'server', 'truss']","['nggak', 'dimainin', 'oy', 'gagal', 'join', 'server', 'truss']",negative
Muhammad zulfikri,10/17/2025 7:22,gk bisa main mulu karna kata nya terdekteksi vpn gk jelas,1,0,main mulu karna terdekteksi vpn,"['main', 'mulu', 'karna', 'terdekteksi', 'vpn']","['main', 'mulu', 'karna', 'terdekteksi', 'vpn']",negative
KZ.VENOMS,10/17/2025 7:01,tolong perbaiki masalah error connecting dan juga perbaiki server,1,0,tolong baik error connecting baik server,"['tolong', 'baik', 'error', 'connecting', 'baik', 'server']","['tolong', 'baik', 'error', 'connecting', 'baik', 'server']",negative
Refan Saja,10/17/2025 6:18,plss bro server update me erro login,1,0,plss bro server update me erro login,"['plss', 'bro', 'server', 'update', 'me', 'erro', 'login']","['plss', 'bro', 'server', 'update', 'me', 'erro', 'login']",negative
farhan Al,10/17/2025 6:08,pls make server better,5,0,pls make server better,"['pls', 'make', 'server', 'better']","['pls', 'make', 'server', 'better']",positive
Naomi Naf,10/17/2025 5:54,suka tiba - tiba logout sendiri akunnya,1,1,suka logout akun,"['suka', 'logout', 'akun']","['suka', 'logout', 'akun']",negative
MUHAMMAD AMRU SYUJA,10/17/2025 5:35,ngga bisaa login,2,0,ngga bisaa login,"['ngga', 'bisaa', 'login']","['ngga', 'bisaa', 'login']",negative
Kevin Lievius,10/17/2025 5:04,gabisa log in,5,0,gabisa login in,"['gabisa', 'login', 'in']","['gabisa', 'login', 'in']",positive
guard gaming,10/17/2025 4:57,game tidak terurus,1,0,game urus,"['game', 'urus']","['game', 'urus']",negative
Yandi Aan,10/17/2025 3:46,kenapa ngestuck di please try login again terus,5,0,ngestuck please try login again,"['ngestuck', 'please', 'try', 'login', 'again']","['ngestuck', 'please', 'try', 'login', 'again']",positive
Arya Sani,10/17/2025 2:16,tolong di fix servernya kadang ada masalah denagb sistem vpn padalah saya tidak menggunakan vpn apapun. game babi gk ada otak anj,1,12,tolong fix servernya kadang denagb sistem vpn pada vpn apa game babi otak anjing,"['tolong', 'fix', 'servernya', 'kadang', 'denagb', 'sistem', 'vpn', 'pada', 'vpn', 'apa', 'game', 'babi', 'otak', 'anjing']","['tolong', 'fix', 'servernya', 'kadang', 'denagb', 'sistem', 'vpn', 'pada', 'vpn', 'apa', 'game', 'babi', 'otak', 'anjing']",negative
Zahran Zulfakar,10/17/2025 2:10,"plisss hapus semua bot dan permudah login, susah banget login nya, pliss banget hapus semua data growtopia, ulang seperti dulu lagi",1,0,plisss hapus bot mudah login susah banget login pliss banget hapus data ulang,"['plisss', 'hapus', 'bot', 'mudah', 'login', 'susah', 'banget', 'login', 'pliss', 'banget', 'hapus', 'data', 'ulang']","['plisss', 'hapus', 'bot', 'mudah', 'login', 'susah', 'banget', 'login', 'pliss', 'banget', 'hapus', 'data', 'ulang']",negative
Wildan Fr,10/17/2025 1:44,"kali ke 2 nya gw kesuspend tanpa alasan yang jelas, gw cuma farming chandelier & buka world ssp, malah ke ban, sekalinya ke suspend juga bisa 200 harian",1,0,kali kesuspend alas farming chandelier buka world ssp ban sekali suspend hari,"['kali', 'kesuspend', 'alas', 'farming', 'chandelier', 'buka', 'world', 'ssp', 'ban', 'sekali', 'suspend', 'hari']","['kali', 'kesuspend', 'alas', 'farming', 'chandelier', 'buka', 'world', 'ssp', 'ban', 'sekali', 'suspend', 'hari']",negative
Fernandes Andrean,10/17/2025 0:39,server make real player cannot login and the bot easy login zz,1,0,server make real player can not login and the bot easy login zz,"['server', 'make', 'real', 'player', 'can', 'not', 'login', 'and', 'the', 'bot', 'easy', 'login', 'zz']","['server', 'make', 'real', 'player', 'can', 'not', 'login', 'and', 'the', 'bot', 'easy', 'login', 'zz']",negative
Salman Vano,10/17/2025 0:29,"boy nya ban napa sih, ngapain sih bot pelihara, nyusahin player doang sama kek dev",2,0,boy ban napa ngapain bot pelihara nyusahin player doang dev,"['boy', 'ban', 'napa', 'ngapain', 'bot', 'pelihara', 'nyusahin', 'player', 'doang', 'dev']","['boy', 'ban', 'napa', 'ngapain', 'bot', 'pelihara', 'nyusahin', 'player', 'doang', 'dev']",negative
Rachel Adella,10/16/2025 23:29,"makin di update bukannya makin lancar mala tambah parah, nanti dikira pake von lah, dikit dikit error connection. mohon diperbaiki lah biar kayak dulu lagi",1,0,update lancar mala parah von dikit dikit error connection mohon baik biar kayak,"['update', 'lancar', 'mala', 'parah', 'von', 'dikit', 'dikit', 'error', 'connection', 'mohon', 'baik', 'biar', 'kayak']","['update', 'lancar', 'mala', 'parah', 'von', 'dikit', 'dikit', 'error', 'connection', 'mohon', 'baik', 'biar', 'kayak']",negative
Jihan Irfansyah,10/16/2025 20:40,ok,5,0,ok,['ok'],['ok'],positive
Adrian Fadillah,10/16/2025 18:36,peak game,5,0,peak game,"['peak', 'game']","['peak', 'game']",positive
Muhammad Juliano,10/16/2025 18:34,tolong saya ga bisa login saya tidak memakai vpn sudah 1 jam an login baru masuk eror koneksi terus,1,0,tolong login pakai vpn jam an login masuk eror koneksi,"['tolong', 'login', 'pakai', 'vpn', 'jam', 'an', 'login', 'masuk', 'eror', 'koneksi']","['tolong', 'login', 'pakai', 'vpn', 'jam', 'an', 'login', 'masuk', 'eror', 'koneksi']",negative
Muhammad Raja,10/16/2025 17:52,"untuk login aja susah, tolong lah. udah game banyak bot, login susah, makin sini malah jadi turun kualitas gamenya.",1,0,login susah tolong udah game bot login susah turun kualitas gamenya,"['login', 'susah', 'tolong', 'udah', 'game', 'bot', 'login', 'susah', 'turun', 'kualitas', 'gamenya']","['login', 'susah', 'tolong', 'udah', 'game', 'bot', 'login', 'susah', 'turun', 'kualitas', 'gamenya']",negative
Haryanti Wulan,10/16/2025 17:34,lu tu bukan cuma ngurus item baru urus juga server lu tolol game seru dev nya aja yang bikin emosi,2,0,lu tu ngurus item urus server lu tolol game seru dev emosi,"['lu', 'tu', 'ngurus', 'item', 'urus', 'server', 'lu', 'tolol', 'game', 'seru', 'dev', 'emosi']","['lu', 'tu', 'ngurus', 'item', 'urus', 'server', 'lu', 'tolol', 'game', 'seru', 'dev', 'emosi']",negative
Rellynza rahmanindyo,10/16/2025 17:14,"fix the server ,im tired of error connecting ,but deep down im still in love with this game",1,0,fix the server im tired of error connecting but deep down im still in love with this game,"['fix', 'the', 'server', 'im', 'tired', 'of', 'error', 'connecting', 'but', 'deep', 'down', 'im', 'still', 'in', 'love', 'with', 'this', 'game']","['fix', 'the', 'server', 'im', 'tired', 'of', 'error', 'connecting', 'but', 'deep', 'down', 'im', 'still', 'in', 'love', 'with', 'this', 'game']",negative
Dasmi Rukmini,10/16/2025 16:59,i can't log in even though my signal is very good. there is a message that says please try logging in again,5,0,cant login in even though my signal is very good there is message that says please try logging in again,"['cant', 'login', 'in', 'even', 'though', 'my', 'signal', 'is', 'very', 'good', 'there', 'is', 'message', 'that', 'says', 'please', 'try', 'logging', 'in', 'again']","['cant', 'login', 'in', 'even', 'though', 'my', 'signal', 'is', 'very', 'good', 'there', 'is', 'message', 'that', 'says', 'please', 'try', 'logging', 'in', 'again']",positive
RYN07 gaming,10/16/2025 16:53,tolong admin developer growtopia agar mengembalikan cara login seperti dulu karena login yang sekarang bikin susah player dan agar player bermain dengan santai dan jangan lupa balikin login yang seperti dulu,1,2,tolong developer kembali login login susah player player main santai lupa balikin login,"['tolong', 'developer', 'kembali', 'login', 'login', 'susah', 'player', 'player', 'main', 'santai', 'lupa', 'balikin', 'login']","['tolong', 'developer', 'kembali', 'login', 'login', 'susah', 'player', 'player', 'main', 'santai', 'lupa', 'balikin', 'login']",negative
Yadik senim,10/16/2025 16:04,game jelek sering ercon/disconnect tololll!!,1,1,game jelek ercondisconnect tololll,"['game', 'jelek', 'ercondisconnect', 'tololll']","['game', 'jelek', 'ercondisconnect', 'tololll']",negative
Lia Lia,10/16/2025 15:31,tolong lah ini login nya aja susah bnr gmn mau main kalo gini trs dan tolong gmn cara nya geme ini bisa rilis lagi dengan baik dll mungkin sedikit aja makasih,2,0,tolong login susah bnr gmn main gin tolong gmn geme rilis dll makasih,"['tolong', 'login', 'susah', 'bnr', 'gmn', 'main', 'gin', 'tolong', 'gmn', 'geme', 'rilis', 'dll', 'makasih']","['tolong', 'login', 'susah', 'bnr', 'gmn', 'main', 'gin', 'tolong', 'gmn', 'geme', 'rilis', 'dll', 'makasih']",negative
Asan Karman,10/16/2025 13:01,game nya bagus sih tapi mau isi nama player nya agak susah,1,0,game bagus isi nama player susah,"['game', 'bagus', 'isi', 'nama', 'player', 'susah']","['game', 'bagus', 'isi', 'nama', 'player', 'susah']",negative
ZIZ VOOTMLBB,10/16/2025 12:58,game bagus masa gak di mainin,5,0,game bagus mainin,"['game', 'bagus', 'mainin']","['game', 'bagus', 'mainin']",positive
hazard 16,10/16/2025 12:58,game monyet login ae dipersulit,1,0,game monyet login ae sulit,"['game', 'monyet', 'login', 'ae', 'sulit']","['game', 'monyet', 'login', 'ae', 'sulit']",negative
Stokyo,10/16/2025 11:58,benerin server dlu plis gua dari jam 4 gabisa login,1,0,benerin server dlu plis jam gabisa login,"['benerin', 'server', 'dlu', 'plis', 'jam', 'gabisa', 'login']","['benerin', 'server', 'dlu', 'plis', 'jam', 'gabisa', 'login']",negative
Dicky Andika,10/16/2025 11:21,"please fix the login server. why is it that when i want to log in using google, it always says ""ip address full"" and if i want to log in i have to use wifi and can't use data? please fix it.",1,7,please fix the login server why is it that when want to login in using google it always says ip address full and if want to login in have to use wifi and cant use data please fix it,"['please', 'fix', 'the', 'login', 'server', 'why', 'is', 'it', 'that', 'when', 'want', 'to', 'login', 'in', 'using', 'google', 'it', 'always', 'says', 'ip', 'address', 'full', 'and', 'if', 'want', 'to', 'login', 'in', 'have', 'to', 'use', 'wifi', 'and', 'cant', 'use', 'data', 'please', 'fix', 'it']","['please', 'fix', 'the', 'login', 'server', 'why', 'is', 'it', 'that', 'when', 'want', 'to', 'login', 'in', 'using', 'google', 'it', 'always', 'says', 'ip', 'address', 'full', 'and', 'if', 'want', 'to', 'login', 'in', 'have', 'to', 'use', 'wifi', 'and', 'cant', 'use', 'data', 'please', 'fix', 'it']",negative
Muhammad Syafiq,10/16/2025 11:16,tolong lah bod bod nya itu di kurangi dan kalo login susah bener udah login keluar bentar masuk nya susah lagi,5,0,tolong bod bod kurang login susah bener udah login bentar masuk susah,"['tolong', 'bod', 'bod', 'kurang', 'login', 'susah', 'bener', 'udah', 'login', 'bentar', 'masuk', 'susah']","['tolong', 'bod', 'bod', 'kurang', 'login', 'susah', 'bener', 'udah', 'login', 'bentar', 'masuk', 'susah']",positive
syahdan julian,10/16/2025 10:20,"sangat bagus mengajar kan tentang berdagang,bahasa inggris dan skil hidup yang relate dan penting cuma mohon untuk benerin server nya soalnya kalau mau login kadang susah.",5,0,bagus ajar berdagangbahasa inggris skil hidup relate mohon benerin server login kadang susah,"['bagus', 'ajar', 'berdagangbahasa', 'inggris', 'skil', 'hidup', 'relate', 'mohon', 'benerin', 'server', 'login', 'kadang', 'susah']","['bagus', 'ajar', 'berdagangbahasa', 'inggris', 'skil', 'hidup', 'relate', 'mohon', 'benerin', 'server', 'login', 'kadang', 'susah']",positive
Siau Ling,10/16/2025 9:20,gt ini bagus,5,0,bagus,['bagus'],['bagus'],positive
riyan Afandi,10/16/2025 7:54,aplah saat saya beli dl tiba tiba dl saya hilang,1,0,aplah beli dl dl hilang,"['aplah', 'beli', 'dl', 'dl', 'hilang']","['aplah', 'beli', 'dl', 'dl', 'hilang']",negative
RFKY YT,10/16/2025 6:04,game nya burik banget,5,0,game burik banget,"['game', 'burik', 'banget']","['game', 'burik', 'banget']",positive
Bureido Kun,10/16/2025 5:35,pemain asli malah gabisa login sama sekali giliran bot bisa merajalela,1,0,main asli gabisa login gilir bot rajalela,"['main', 'asli', 'gabisa', 'login', 'gilir', 'bot', 'rajalela']","['main', 'asli', 'gabisa', 'login', 'gilir', 'bot', 'rajalela']",negative
Dendra,10/16/2025 5:23,"bug cant login user wifi. the provider my republic can't login there read (try again or use vpn) edited 16 oct. there fix i can log in with wifi next i want this game improved server with unlimited and fix the bot, make new lock more than 100bgl to convert it",5,0,bug cant login user wifi the provider my republic cant login there read try again or use vpn edited oct there fix can login in with wifi next want this game improved server with unlimited and fix the bot make new lock more than bgl to convert it,"['bug', 'cant', 'login', 'user', 'wifi', 'the', 'provider', 'my', 'republic', 'cant', 'login', 'there', 'read', 'try', 'again', 'or', 'use', 'vpn', 'edited', 'oct', 'there', 'fix', 'can', 'login', 'in', 'with', 'wifi', 'next', 'want', 'this', 'game', 'improved', 'server', 'with', 'unlimited', 'and', 'fix', 'the', 'bot', 'make', 'new', 'lock', 'more', 'than', 'bgl', 'to', 'convert', 'it']","['bug', 'cant', 'login', 'user', 'wifi', 'the', 'provider', 'my', 'republic', 'cant', 'login', 'there', 'read', 'try', 'again', 'or', 'use', 'vpn', 'edited', 'oct', 'there', 'fix', 'can', 'login', 'in', 'with', 'wifi', 'next', 'want', 'this', 'game', 'improved', 'server', 'with', 'unlimited', 'and', 'fix', 'the', 'bot', 'make', 'new', 'lock', 'more', 'than', 'bgl', 'to', 'convert', 'it']",positive
PERCOBAAN 1,10/16/2025 4:41,game tolol banyak judi sama spammer,1,0,game tolol judi spammer,"['game', 'tolol', 'judi', 'spammer']","['game', 'tolol', 'judi', 'spammer']",negative
Muhammadhilalmuzakki,10/16/2025 3:12,wifi udah 5g masih ga bisa login,1,0,wifi udah login,"['wifi', 'udah', 'login']","['wifi', 'udah', 'login']",negative
Ali Hasmi,10/16/2025 2:43,"pler gaguna make wifi selalu ""login fail tunggu 30 detik"" udah hubungin support berkali kali masih belum di jawab, udah ancur nambah acur, ubisoft ga niat ngerawat ini gameüò©",5,54,pler gaguna make wifi login fail tunggu detik udah hubungin support kali kali udah ancur nambah acur ubisoft niat ngerawat game,"['pler', 'gaguna', 'make', 'wifi', 'login', 'fail', 'tunggu', 'detik', 'udah', 'hubungin', 'support', 'kali', 'kali', 'udah', 'ancur', 'nambah', 'acur', 'ubisoft', 'niat', 'ngerawat', 'game']","['pler', 'gaguna', 'make', 'wifi', 'login', 'fail', 'tunggu', 'detik', 'udah', 'hubungin', 'support', 'kali', 'kali', 'udah', 'ancur', 'nambah', 'acur', 'ubisoft', 'niat', 'ngerawat', 'game']",positive
Riyadhdullatief 01,10/16/2025 2:20,kenapa susah login si,1,0,susah login si,"['susah', 'login', 'si']","['susah', 'login', 'si']",negative
Master MIUI,10/16/2025 1:24,i love growtopia,5,0,love,['love'],['love'],positive
Dasrial Wijaya,10/16/2025 1:09,pihak ubisoft tidak bisa membantu apapun,1,0,ubisoft bantu apa,"['ubisoft', 'bantu', 'apa']","['ubisoft', 'bantu', 'apa']",negative
TaTsuya Kun,10/15/2025 20:07,gw di tuduh pake vpn apaan coba ubi lembut bener dikit lah log in aja susah bener,1,0,tuduh vpn coba ubi lembut bener dikit login in susah bener,"['tuduh', 'vpn', 'coba', 'ubi', 'lembut', 'bener', 'dikit', 'login', 'in', 'susah', 'bener']","['tuduh', 'vpn', 'coba', 'ubi', 'lembut', 'bener', 'dikit', 'login', 'in', 'susah', 'bener']",negative
Valen,10/15/2025 15:28,can't login,1,0,cant login,"['cant', 'login']","['cant', 'login']",negative
Akina Takisa,10/15/2025 14:13,ketika sedang mau login banyak masalah dan bermacam macam jenis error login. segera di perbaiki dan saya sudah malas untuk mengatasi semua error setiap hari!!!,1,2,login jenis error login baik malas atas error,"['login', 'jenis', 'error', 'login', 'baik', 'malas', 'atas', 'error']","['login', 'jenis', 'error', 'login', 'baik', 'malas', 'atas', 'error']",negative
M. Ibrahim hamid,10/15/2025 14:02,suck game ü§£,1,0,suck game,"['suck', 'game']","['suck', 'game']",negative
M.Harun Arrosyid,10/15/2025 13:34,"aplikasi sampah, baru login aja gabisaaa udah lebih dri 2 minggu, pke vpn aja engga malah dsuruh matiin vpn game ampass gaguna dev mikir untung doang",1,7,aplikasi sampah login gabisaaa udah dri minggu pke vpn engga dsuruh matiin vpn game ampass gaguna dev mikir untung doang,"['aplikasi', 'sampah', 'login', 'gabisaaa', 'udah', 'dri', 'minggu', 'pke', 'vpn', 'engga', 'dsuruh', 'matiin', 'vpn', 'game', 'ampass', 'gaguna', 'dev', 'mikir', 'untung', 'doang']","['aplikasi', 'sampah', 'login', 'gabisaaa', 'udah', 'dri', 'minggu', 'pke', 'vpn', 'engga', 'dsuruh', 'matiin', 'vpn', 'game', 'ampass', 'gaguna', 'dev', 'mikir', 'untung', 'doang']",negative
Yunivan Wardana,10/15/2025 13:12,is your server this bad? like your mother?,1,0,is your server this bad like your mother,"['is', 'your', 'server', 'this', 'bad', 'like', 'your', 'mother']","['is', 'your', 'server', 'this', 'bad', 'like', 'your', 'mother']",negative
11_Fathkhun Najib,10/15/2025 13:07,"jaringan bagus, tapi sering disconnect, udah log innya susah, server penuh, jmbtt",1,0,jaring bagus disconnect udah login innya susah server penuh jmbtt,"['jaring', 'bagus', 'disconnect', 'udah', 'login', 'innya', 'susah', 'server', 'penuh', 'jmbtt']","['jaring', 'bagus', 'disconnect', 'udah', 'login', 'innya', 'susah', 'server', 'penuh', 'jmbtt']",negative
Ambia Alexander Jailani,10/15/2025 11:49,scammmmmm,1,0,scammmmmm,['scammmmmm'],['scammmmmm'],negative
Hafizh Rochman,10/15/2025 11:34,ngk jelas ni game sekarangg hancur,1,0,ngk game sekarangg hancur,"['ngk', 'game', 'sekarangg', 'hancur']","['ngk', 'game', 'sekarangg', 'hancur']",negative
Maul,10/15/2025 10:17,kembalikan game ini pada seth dan hamumu!,1,0,kembali game seth hamumu,"['kembali', 'game', 'seth', 'hamumu']","['kembali', 'game', 'seth', 'hamumu']",negative
Rafian Irwansyah hasan,10/15/2025 10:13,game nya bagus seru juga karna banyak pemain nyaa tapi ada sedikit sesuatu yg membuat bosan main nya karna jaringan nya hilang dikit langsung dc terus susah masuk nya karna pemain nya udh pas 95k,5,0,game bagus seru karna main nyaa bosan main karna jaring hilang dikit langsung dc susah masuk karna main pas,"['game', 'bagus', 'seru', 'karna', 'main', 'nyaa', 'bosan', 'main', 'karna', 'jaring', 'hilang', 'dikit', 'langsung', 'dc', 'susah', 'masuk', 'karna', 'main', 'pas']","['game', 'bagus', 'seru', 'karna', 'main', 'nyaa', 'bosan', 'main', 'karna', 'jaring', 'hilang', 'dikit', 'langsung', 'dc', 'susah', 'masuk', 'karna', 'main', 'pas']",positive
zildjian,10/15/2025 10:04,game aneh...akun gua ke ban terus....game kikir,1,0,game anehakun ban terusgame kikir,"['game', 'anehakun', 'ban', 'terusgame', 'kikir']","['game', 'anehakun', 'ban', 'terusgame', 'kikir']",negative
NATUS VINCERE ADIVUAT,10/15/2025 9:12,game nya dh mati kah??,5,0,game mati kah,"['game', 'mati', 'kah']","['game', 'mati', 'kah']",positive
Akhmad hasan Syafiq,10/15/2025 9:07,"lawak nih game,gw lagi main pake spotify di suspend,emang death game buat apa di pertahanin,so buat lu yg masih main mending hapus aja nih game ga jelas banget,lawak lawak gw baru comeback malah di suspend gajelas padahal ga pake apk pihak ketiga,emang anak tiri nih game",1,0,lawak gamegw main spotify suspendemang death game pertahaninso lu main mending hapus game bangetlawak lawak comeback suspend gajelas apk ketigaemang anak tiri game,"['lawak', 'gamegw', 'main', 'spotify', 'suspendemang', 'death', 'game', 'pertahaninso', 'lu', 'main', 'mending', 'hapus', 'game', 'bangetlawak', 'lawak', 'comeback', 'suspend', 'gajelas', 'apk', 'ketigaemang', 'anak', 'tiri', 'game']","['lawak', 'gamegw', 'main', 'spotify', 'suspendemang', 'death', 'game', 'pertahaninso', 'lu', 'main', 'mending', 'hapus', 'game', 'bangetlawak', 'lawak', 'comeback', 'suspend', 'gajelas', 'apk', 'ketigaemang', 'anak', 'tiri', 'game']",negative
Canada Vpn,10/15/2025 8:44,masuk nya plis cancel,1,0,masuk plis cancel,"['masuk', 'plis', 'cancel']","['masuk', 'plis', 'cancel']",negative
NALENDRA SUDIRO,10/15/2025 8:40,"kenapa error mulu ni game akun ny tiba"" bgt ilang padahal dh bener gmail ny aneh dh main 5 tahun an masa gini kecewa berat",1,0,error mulu game akun ny banget ilang bener gmail ny aneh main an gin kecewa berat,"['error', 'mulu', 'game', 'akun', 'ny', 'banget', 'ilang', 'bener', 'gmail', 'ny', 'aneh', 'main', 'an', 'gin', 'kecewa', 'berat']","['error', 'mulu', 'game', 'akun', 'ny', 'banget', 'ilang', 'bener', 'gmail', 'ny', 'aneh', 'main', 'an', 'gin', 'kecewa', 'berat']",negative
Santi Septian,10/15/2025 2:23,good plis update againt,5,0,good plis update againt,"['good', 'plis', 'update', 'againt']","['good', 'plis', 'update', 'againt']",positive
Muawwiz 123,10/14/2025 23:15,"aku tidak menggunakan vpn tetapi kenapa selalu muncul notif ""cek internet dan pastikan tidak menggunakan vpn""?",4,0,vpn muncul notif cek internet pasti vpn,"['vpn', 'muncul', 'notif', 'cek', 'internet', 'pasti', 'vpn']","['vpn', 'muncul', 'notif', 'cek', 'internet', 'pasti', 'vpn']",positive
Nurhin Muhammad,10/14/2025 18:11,game keren,5,0,game keren,"['game', 'keren']","['game', 'keren']",positive
Fedrio Ferdiansyah,10/14/2025 15:30,mantap,5,0,mantap,['mantap'],['mantap'],positive
Stokton Hokter,10/14/2025 14:53,bagi bgl min ke world 2cinr,5,0,bgl world cinr,"['bgl', 'world', 'cinr']","['bgl', 'world', 'cinr']",positive
bold Diesel,10/14/2025 13:31,uda,5,0,uda,['uda'],['uda'],positive
Rizky Al Ghifari,10/6/2025 14:41,i cant login my old acc,5,0,cant login my old acc,"['cant', 'login', 'my', 'old', 'acc']","['cant', 'login', 'my', 'old', 'acc']",positive
Akbar Ega,10/14/2025 11:46,biarkan bintang berbicara,5,0,biar bintang bicara,"['biar', 'bintang', 'bicara']","['biar', 'bintang', 'bicara']",positive
TRI NURHARYANTO,10/14/2025 9:17,broken game!! please fix your server!!!! potato server!! sub server!! false ban! disconnect! to many people logging at once! entering world lol! one star for this game!,5,0,broken game please fix your server potato server sub server false ban disconnect to many people logging at once entering world lol one star for this game,"['broken', 'game', 'please', 'fix', 'your', 'server', 'potato', 'server', 'sub', 'server', 'false', 'ban', 'disconnect', 'to', 'many', 'people', 'logging', 'at', 'once', 'entering', 'world', 'lol', 'one', 'star', 'for', 'this', 'game']","['broken', 'game', 'please', 'fix', 'your', 'server', 'potato', 'server', 'sub', 'server', 'false', 'ban', 'disconnect', 'to', 'many', 'people', 'logging', 'at', 'once', 'entering', 'world', 'lol', 'one', 'star', 'for', 'this', 'game']",positive
Vaughan Pieters,10/14/2025 8:28,game nya bagus,5,3,game bagus,"['game', 'bagus']","['game', 'bagus']",positive
33 Yohanes Paulus Christiano Hernowo,10/13/2025 16:36,oke,5,0,oke,['oke'],['oke'],positive
fahry gaming,10/13/2025 14:26,"yg baru mau ingin download gk ush bro , ni ni game anj,gw gk salah apapa malah diban anj,bukan gw doang bro bnyk yg udh kyk gua ,knp gw kasih bintang 5,biar comen nya di atas bro",5,0,download ush bro game anjgw salah apapa ban anjbukan doang bro bnyk kyk knp kasih bintang biar comen bro,"['download', 'ush', 'bro', 'game', 'anjgw', 'salah', 'apapa', 'ban', 'anjbukan', 'doang', 'bro', 'bnyk', 'kyk', 'knp', 'kasih', 'bintang', 'biar', 'comen', 'bro']","['download', 'ush', 'bro', 'game', 'anjgw', 'salah', 'apapa', 'ban', 'anjbukan', 'doang', 'bro', 'bnyk', 'kyk', 'knp', 'kasih', 'bintang', 'biar', 'comen', 'bro']",positive
Norrick Peterson,10/13/2025 13:21,often error on the server or system and often lag :)i miss the old gt man,5,0,often error on the server or system and often lag miss the old man,"['often', 'error', 'on', 'the', 'server', 'or', 'system', 'and', 'often', 'lag', 'miss', 'the', 'old', 'man']","['often', 'error', 'on', 'the', 'server', 'or', 'system', 'and', 'often', 'lag', 'miss', 'the', 'old', 'man']",positive
Syabil Bilal,10/13/2025 2:30,perbaikannnn,5,1,perbaikannnn,['perbaikannnn'],['perbaikannnn'],positive
Hero,10/12/2025 16:30,plishoki,5,0,plishoki,['plishoki'],['plishoki'],positive
Raihan Fikri Akbari,10/12/2025 13:53,game bagus server lancar ga banyak bot terimakasih growtopia bikin hari ku senang ü§≠,5,0,game bagus server lancar bot terimakasih ku senang,"['game', 'bagus', 'server', 'lancar', 'bot', 'terimakasih', 'ku', 'senang']","['game', 'bagus', 'server', 'lancar', 'bot', 'terimakasih', 'ku', 'senang']",positive
Mawar Ruliana,10/12/2025 12:33,fasa,5,0,fasa,['fasa'],['fasa'],positive
Rumiati Astuti,10/12/2025 12:24,seru sekali ini game,5,0,seru game,"['seru', 'game']","['seru', 'game']",positive
Muhammad Aldi,10/12/2025 11:05,sistem growtopia selalu lag di masalah id sama pw dan banyak lag lag lag pls update ur server bruhhh,5,0,sistem lag id pw lag lag lag pls update ur server bruhhh,"['sistem', 'lag', 'id', 'pw', 'lag', 'lag', 'lag', 'pls', 'update', 'ur', 'server', 'bruhhh']","['sistem', 'lag', 'id', 'pw', 'lag', 'lag', 'lag', 'pls', 'update', 'ur', 'server', 'bruhhh']",positive
Iqbal Nih,10/12/2025 9:19,bagsu,5,0,bagsu,['bagsu'],['bagsu'],positive
Fikri FikriNurcahyono,10/12/2025 6:42,game ko aneh,5,0,game ko aneh,"['game', 'ko', 'aneh']","['game', 'ko', 'aneh']",positive
rafif,10/12/2025 6:23,"game yg seru,tapi tolong di perbaiki masalah error saat login",4,0,game serutapi tolong baik error login,"['game', 'serutapi', 'tolong', 'baik', 'error', 'login']","['game', 'serutapi', 'tolong', 'baik', 'error', 'login']",positive
Ilham Akunn,10/12/2025 5:48,seru tapi banyak bot,5,0,seru bot,"['seru', 'bot']","['seru', 'bot']",positive
Noval Ahmad,10/12/2025 4:07,kenapa sih ip keluar sendiri terus gak bisa login dan lagi jaringan ku vpn apa aku pake jaringan xl aku di indonesia,4,0,ip login jaring ku vpn jaring xl indonesia,"['ip', 'login', 'jaring', 'ku', 'vpn', 'jaring', 'xl', 'indonesia']","['ip', 'login', 'jaring', 'ku', 'vpn', 'jaring', 'xl', 'indonesia']",positive
Bot2,10/11/2025 19:18,"the more you update it, the more it breaksüëçüèª(semakin di update semakin rusaküëçüèª) why did i give it 5 stars? yes, so it's at the top.(kenapa saya kasi bintang 5?ya biar di atas)",5,0,the more you update it the more it breakssemakin update rusak why did give it stars yes so its at the topkenapa kasi bintang biar,"['the', 'more', 'you', 'update', 'it', 'the', 'more', 'it', 'breakssemakin', 'update', 'rusak', 'why', 'did', 'give', 'it', 'stars', 'yes', 'so', 'its', 'at', 'the', 'topkenapa', 'kasi', 'bintang', 'biar']","['the', 'more', 'you', 'update', 'it', 'the', 'more', 'it', 'breakssemakin', 'update', 'rusak', 'why', 'did', 'give', 'it', 'stars', 'yes', 'so', 'its', 'at', 'the', 'topkenapa', 'kasi', 'bintang', 'biar']",positive
TIRTAAA,10/11/2025 9:23,"lag mulu zirr""try login again"" geramyoüòπ",5,1,lag mulu zirrtry login again geramyo,"['lag', 'mulu', 'zirrtry', 'login', 'again', 'geramyo']","['lag', 'mulu', 'zirrtry', 'login', 'again', 'geramyo']",positive
Pais Purwanto,10/11/2025 6:39,keren semoga servernya ga ngelek saya maen dah lama ini baru comeback lagi terimakasih ubisoftü§©ü§©ü§©,5,0,keren moga servernya ngelek maen comeback terimakasih ubisoft,"['keren', 'moga', 'servernya', 'ngelek', 'maen', 'comeback', 'terimakasih', 'ubisoft']","['keren', 'moga', 'servernya', 'ngelek', 'maen', 'comeback', 'terimakasih', 'ubisoft']",positive
Mitra Galaxy,10/11/2025 6:02,game nya ngebosenin coba aja tiba tiba ada admin yang datang ke aku baru ngasih semua item langka auto ku promosikan gamenya,4,0,game ngebosenin coba ngasih item langka auto ku promosi gamenya,"['game', 'ngebosenin', 'coba', 'ngasih', 'item', 'langka', 'auto', 'ku', 'promosi', 'gamenya']","['game', 'ngebosenin', 'coba', 'ngasih', 'item', 'langka', 'auto', 'ku', 'promosi', 'gamenya']",positive
Bhima Yusafine,10/11/2025 4:33,gem bagus dan band band i anak pakek gl atau pun proxy biar gak dead gem dan banyak bot kurangi semakin login. semakin banyak bot yang auto atau kasino,5,0,game bagus band band anak pakek gl proxy biar dead game bot kurang login bot auto kasino,"['game', 'bagus', 'band', 'band', 'anak', 'pakek', 'gl', 'proxy', 'biar', 'dead', 'game', 'bot', 'kurang', 'login', 'bot', 'auto', 'kasino']","['game', 'bagus', 'band', 'band', 'anak', 'pakek', 'gl', 'proxy', 'biar', 'dead', 'game', 'bot', 'kurang', 'login', 'bot', 'auto', 'kasino']",positive
Bang R,10/11/2025 4:27,overloaded server,4,0,overloaded server,"['overloaded', 'server']","['overloaded', 'server']",positive
Ff Gemge,10/11/2025 3:32,gamenya keren,5,0,gamenya keren,"['gamenya', 'keren']","['gamenya', 'keren']",positive
Totoy tangker,10/10/2025 14:51,"nice game, but server very bad",5,0,nice game but server very bad,"['nice', 'game', 'but', 'server', 'very', 'bad']","['nice', 'game', 'but', 'server', 'very', 'bad']",positive
Danu Rahmandito,10/10/2025 13:38,"ubisoft pls fix ur game ,why my ping is good , buy in growtopia is very lag example : can't enter world , reconnect"" , and very lagg",5,0,ubisoft pls fix ur game why my ping is good buy in is very lag example cant enter world reconnect and very lagg,"['ubisoft', 'pls', 'fix', 'ur', 'game', 'why', 'my', 'ping', 'is', 'good', 'buy', 'in', 'is', 'very', 'lag', 'example', 'cant', 'enter', 'world', 'reconnect', 'and', 'very', 'lagg']","['ubisoft', 'pls', 'fix', 'ur', 'game', 'why', 'my', 'ping', 'is', 'good', 'buy', 'in', 'is', 'very', 'lag', 'example', 'cant', 'enter', 'world', 'reconnect', 'and', 'very', 'lagg']",positive
Devin Alviano,10/10/2025 13:23,game bagus,5,0,game bagus,"['game', 'bagus']","['game', 'bagus']",positive
Killing Machine,10/6/2025 14:49,good game :),5,0,good game,"['good', 'game']","['good', 'game']",positive
rajino rajino,10/10/2025 7:34,"plis pada comeback gt ya, aku kgn ü§óüòÄ",5,0,plis comeback kgn,"['plis', 'comeback', 'kgn']","['plis', 'comeback', 'kgn']",positive
Desta Riyadi,10/10/2025 6:08,big w i got sun blade,5,0,big got sun blade,"['big', 'got', 'sun', 'blade']","['big', 'got', 'sun', 'blade']",positive
Moses Timothy,10/10/2025 3:52,gg semoga 28 19 sama 00 trus gua,5,0,gg moga trus,"['gg', 'moga', 'trus']","['gg', 'moga', 'trus']",positive
opm 50k,10/10/2025 3:15,game bagus saran dari gua benerin server aja dulu biar enga full mulu,5,0,game bagus saran benerin server biar enga full mulu,"['game', 'bagus', 'saran', 'benerin', 'server', 'biar', 'enga', 'full', 'mulu']","['game', 'bagus', 'saran', 'benerin', 'server', 'biar', 'enga', 'full', 'mulu']",positive
Hahass Hahsh,10/10/2025 1:53,"bintang 5 biar up aku pake wifi ga bisa on 4 bulan, dan biasa nya pake vpn favorit bisa srkarang ga bisa kecewa berat gamr aneh",5,0,bintang biar up wifi on vpn favorit srkarang kecewa berat gamr aneh,"['bintang', 'biar', 'up', 'wifi', 'on', 'vpn', 'favorit', 'srkarang', 'kecewa', 'berat', 'gamr', 'aneh']","['bintang', 'biar', 'up', 'wifi', 'on', 'vpn', 'favorit', 'srkarang', 'kecewa', 'berat', 'gamr', 'aneh']",positive
Abdurrahman Naufal,10/10/2025 0:44,"game ny membaik, server kadang lancar, tapi sering dc, bot juga masih banyak",5,0,game ny baik server kadang lancar dc bot,"['game', 'ny', 'baik', 'server', 'kadang', 'lancar', 'dc', 'bot']","['game', 'ny', 'baik', 'server', 'kadang', 'lancar', 'dc', 'bot']",positive
Hermin Yuliyani,10/9/2025 22:49,growtopia game terbaikk,5,0,game terbaikk,"['game', 'terbaikk']","['game', 'terbaikk']",positive
Nanang Permana,10/9/2025 18:37,"banyak yang kritik bukanya lebih baik gamenya malah makin menjadi, tolong di urus itu bot,spamer, csn, qq udah ban aja,gak bakalan rugi ngeban akun hama kaya gitu",4,0,kritik buka gamenya tolong urus botspamer csn qq udah ban ajagak rugi ngeban akun hama kaya,"['kritik', 'buka', 'gamenya', 'tolong', 'urus', 'botspamer', 'csn', 'qq', 'udah', 'ban', 'ajagak', 'rugi', 'ngeban', 'akun', 'hama', 'kaya']","['kritik', 'buka', 'gamenya', 'tolong', 'urus', 'botspamer', 'csn', 'qq', 'udah', 'ban', 'ajagak', 'rugi', 'ngeban', 'akun', 'hama', 'kaya']",positive
AidiL Fikri,10/9/2025 14:59,"thanks u got me, pls unban my account id : 1woo",5,1,thanks got me pls unban my account id woo,"['thanks', 'got', 'me', 'pls', 'unban', 'my', 'account', 'id', 'woo']","['thanks', 'got', 'me', 'pls', 'unban', 'my', 'account', 'id', 'woo']",positive
Rama aji Pangestu,10/9/2025 14:55,game seru,5,0,game seru,"['game', 'seru']","['game', 'seru']",positive
Denis H,10/9/2025 14:37,"i love this game, because this game i have many friend",5,1,love this game because this game have many friend,"['love', 'this', 'game', 'because', 'this', 'game', 'have', 'many', 'friend']","['love', 'this', 'game', 'because', 'this', 'game', 'have', 'many', 'friend']",positive
Rezky Has Died,10/9/2025 14:33,please develop it further especially regarding the server being too heavy,5,0,please develop it further especially regarding the server being too heavy,"['please', 'develop', 'it', 'further', 'especially', 'regarding', 'the', 'server', 'being', 'too', 'heavy']","['please', 'develop', 'it', 'further', 'especially', 'regarding', 'the', 'server', 'being', 'too', 'heavy']",positive
Jerred Cangniago,10/9/2025 14:24,fk this game,5,0,fk this game,"['fk', 'this', 'game']","['fk', 'this', 'game']",positive
Muhammad Ikhbal,10/9/2025 14:15,permainannya seru banget,5,0,main seru banget,"['main', 'seru', 'banget']","['main', 'seru', 'banget']",positive
Zea Alza,10/9/2025 13:56,sangat seruüß¢üß¢üß¢üß¢,5,0,seru,['seru'],['seru'],positive
Aditya yusuf Ardinanja,10/9/2025 13:51,udah bagus kok,5,0,udah bagus,"['udah', 'bagus']","['udah', 'bagus']",positive
Yuda Arizki,10/9/2025 13:46,idk just 5 stars,5,2,idk just stars,"['idk', 'just', 'stars']","['idk', 'just', 'stars']",positive
Abi Masabhi,10/9/2025 13:45,server semakin lama semakin rusak,4,0,server rusak,"['server', 'rusak']","['server', 'rusak']",positive
RoSyiD LaZimA,10/9/2025 13:38,aku memberikan bintang 5 karena item di dalam gamenya menarik untuk dimiliki.,5,0,bintang item gamenya tarik milik,"['bintang', 'item', 'gamenya', 'tarik', 'milik']","['bintang', 'item', 'gamenya', 'tarik', 'milik']",positive
Ziqo Hamdani,10/9/2025 13:37,windah baaudara di ban,5,0,windah baaudara ban,"['windah', 'baaudara', 'ban']","['windah', 'baaudara', 'ban']",positive
Roo Tempest,10/9/2025 13:30,noob server,5,0,noob server,"['noob', 'server']","['noob', 'server']",positive
Huda Bani,10/9/2025 13:28,"mantaap, beri aku keberuntungan",5,0,mantaap untung,"['mantaap', 'untung']","['mantaap', 'untung']",positive
Ray zan,10/9/2025 13:24,game gak jelas jelek susah login tapi sekali nya bisa seruüò≠,5,0,game jelek susah login seru,"['game', 'jelek', 'susah', 'login', 'seru']","['game', 'jelek', 'susah', 'login', 'seru']",positive
evan,10/9/2025 13:24,best game ever,5,0,best game ever,"['best', 'game', 'ever']","['best', 'game', 'ever']",positive
Rifky Aditiya,10/9/2025 13:23,game banyak kendala tapi aku suka game ini..,5,0,game kendala suka game,"['game', 'kendala', 'suka', 'game']","['game', 'kendala', 'suka', 'game']",positive
Iiw game,10/9/2025 10:38,game yang sangat menyenangkan üòç,5,0,game senang,"['game', 'senang']","['game', 'senang']",positive
Private Account,10/9/2025 9:36,"hello, growtopia. i own a truphboard account. i would like to inquire as to why my account was banned by a third-party program. i have never used any third-party programs or anything like that while playing growtopia. please unban my account. my growid is truphboard. thank you.",4,0,hello own truphboard account would like to inquire as to why my account was banned by thirdparty program have never used any thirdparty programs or anything like that while playing please unban my account my growid is truphboard thank you,"['hello', 'own', 'truphboard', 'account', 'would', 'like', 'to', 'inquire', 'as', 'to', 'why', 'my', 'account', 'was', 'banned', 'by', 'thirdparty', 'program', 'have', 'never', 'used', 'any', 'thirdparty', 'programs', 'or', 'anything', 'like', 'that', 'while', 'playing', 'please', 'unban', 'my', 'account', 'my', 'growid', 'is', 'truphboard', 'thank', 'you']","['hello', 'own', 'truphboard', 'account', 'would', 'like', 'to', 'inquire', 'as', 'to', 'why', 'my', 'account', 'was', 'banned', 'by', 'thirdparty', 'program', 'have', 'never', 'used', 'any', 'thirdparty', 'programs', 'or', 'anything', 'like', 'that', 'while', 'playing', 'please', 'unban', 'my', 'account', 'my', 'growid', 'is', 'truphboard', 'thank', 'you']",positive
rell,10/9/2025 9:03,woi game bagus ini,5,0,game bagus,"['game', 'bagus']","['game', 'bagus']",positive
RafiBuilders Man,10/9/2025 7:13,game mati banyak bot minta dl dong,5,0,game mati bot dl,"['game', 'mati', 'bot', 'dl']","['game', 'mati', 'bot', 'dl']",positive
Yuli Anti,10/9/2025 4:23,keren tapi buat login nya kadang2 susuh karena kebanyakan bot kalau bisa di perbaiki,5,0,keren login kadang susuh banyak bot baik,"['keren', 'login', 'kadang', 'susuh', 'banyak', 'bot', 'baik']","['keren', 'login', 'kadang', 'susuh', 'banyak', 'bot', 'baik']",positive
Aji Polsuspas,10/8/2025 23:53,ini gimn kok dr td gak bisa masuk ke game bacaanya connect try again padahal make wifi jaringan nya bagus benerin dulu klo bagus aku ksh bintang 5,5,0,gimn dr td masuk game bacaanya connect try again make wifi jaring bagus benerin bagus ksh bintang,"['gimn', 'dr', 'td', 'masuk', 'game', 'bacaanya', 'connect', 'try', 'again', 'make', 'wifi', 'jaring', 'bagus', 'benerin', 'bagus', 'ksh', 'bintang']","['gimn', 'dr', 'td', 'masuk', 'game', 'bacaanya', 'connect', 'try', 'again', 'make', 'wifi', 'jaring', 'bagus', 'benerin', 'bagus', 'ksh', 'bintang']",positive
Gud Boyy,10/8/2025 12:31,"game bagus, banyak kenangan di game ini",5,0,game bagus kenang game,"['game', 'bagus', 'kenang', 'game']","['game', 'bagus', 'kenang', 'game']",positive
Kifli Beben,10/8/2025 10:56,baru main,5,0,main,['main'],['main'],positive
Lazim iM3c,10/8/2025 8:03,saya tidak bisa instal game ini lagi at my potato phone cry:(,5,0,instal game at my potato phone cry,"['instal', 'game', 'at', 'my', 'potato', 'phone', 'cry']","['instal', 'game', 'at', 'my', 'potato', 'phone', 'cry']",positive
Dave Dip,10/8/2025 5:58,saya kasih bintang 5 karena saya pernah main game ini tapi saya sekarang susah login tolong di perbaiki ya developer terimakasih,5,0,kasih bintang main game susah login tolong baik developer terimakasih,"['kasih', 'bintang', 'main', 'game', 'susah', 'login', 'tolong', 'baik', 'developer', 'terimakasih']","['kasih', 'bintang', 'main', 'game', 'susah', 'login', 'tolong', 'baik', 'developer', 'terimakasih']",positive
Muhammad Rizqy samudra,10/8/2025 1:07,gacor,5,0,gacor,['gacor'],['gacor'],positive
Daffa Ta,10/8/2025 0:53,"mohon untuk pihak growtopia untuk sistem login nya di benerin kayak dulu kalo sekarang error, error nya itu kalo mau login ke akun kita pakai wifi gabisa harus pake kuota/data dan juga ban player yang sering menggunakan bot apalagi world casino, saya berharap untuk sistem login ke akun di ubah seperti dulu‚ù§Ô∏è",4,2,mohon sistem login benerin kayak error error login akun pakai wifi gabisa kuotadata ban player bot world casino harap sistem login akun ubah,"['mohon', 'sistem', 'login', 'benerin', 'kayak', 'error', 'error', 'login', 'akun', 'pakai', 'wifi', 'gabisa', 'kuotadata', 'ban', 'player', 'bot', 'world', 'casino', 'harap', 'sistem', 'login', 'akun', 'ubah']","['mohon', 'sistem', 'login', 'benerin', 'kayak', 'error', 'error', 'login', 'akun', 'pakai', 'wifi', 'gabisa', 'kuotadata', 'ban', 'player', 'bot', 'world', 'casino', 'harap', 'sistem', 'login', 'akun', 'ubah']",positive
Akbar Muhammad,10/8/2025 0:44,„Ö§donate at sidebuye,5,0,donate at sidebuye,"['donate', 'at', 'sidebuye']","['donate', 'at', 'sidebuye']",positive
FAIZAL RAMADHAN,10/7/2025 22:57,"untuk perlindungan akun cukup ketat, karena memiliki banyak session yang mesti di pilih dan lumayan oke juga keamanan nya, cuman 1 yang kecewa dengan saat login yaitu ""terdeteksi pakai vpn"" saya login menggunakan kuota internet standar pribadi atau wifi pribadi saya tanpa vpn, jadi tolong di update lagi supaya tidak terjadi hal seperti ini terimakasih üòá",4,3,lindung akun ketat milik session mesti pilih lumayan oke aman cuman kecewa login deteksi pakai vpn login kuota internet standar pribadi wifi pribadi vpn tolong update terimakasih,"['lindung', 'akun', 'ketat', 'milik', 'session', 'mesti', 'pilih', 'lumayan', 'oke', 'aman', 'cuman', 'kecewa', 'login', 'deteksi', 'pakai', 'vpn', 'login', 'kuota', 'internet', 'standar', 'pribadi', 'wifi', 'pribadi', 'vpn', 'tolong', 'update', 'terimakasih']","['lindung', 'akun', 'ketat', 'milik', 'session', 'mesti', 'pilih', 'lumayan', 'oke', 'aman', 'cuman', 'kecewa', 'login', 'deteksi', 'pakai', 'vpn', 'login', 'kuota', 'internet', 'standar', 'pribadi', 'wifi', 'pribadi', 'vpn', 'tolong', 'update', 'terimakasih']",positive
Asa Zishd,10/7/2025 20:14,ngeleg benerin server,5,0,ngeleg benerin server,"['ngeleg', 'benerin', 'server']","['ngeleg', 'benerin', 'server']",positive
DALZR,10/7/2025 14:19,the game is good but now it's a bit difficult to log in,4,0,the game is good but now its bit difficult to login in,"['the', 'game', 'is', 'good', 'but', 'now', 'its', 'bit', 'difficult', 'to', 'login', 'in']","['the', 'game', 'is', 'good', 'but', 'now', 'its', 'bit', 'difficult', 'to', 'login', 'in']",positive
Dika Kurniawan,10/7/2025 14:18,game nya bagus banget cocok buat orang yg lagi gila ngabisin duit nya disini.,5,0,game bagus banget cocok orang gila ngabisin duit,"['game', 'bagus', 'banget', 'cocok', 'orang', 'gila', 'ngabisin', 'duit']","['game', 'bagus', 'banget', 'cocok', 'orang', 'gila', 'ngabisin', 'duit']",positive
Miya Awekening,10/7/2025 14:14,bisa login aja bersyukur banget,5,4,login syukur banget,"['login', 'syukur', 'banget']","['login', 'syukur', 'banget']",positive
Sugeng Sugianto,10/7/2025 12:26,gamenya ngontol,5,0,gamenya ngontol,"['gamenya', 'ngontol']","['gamenya', 'ngontol']",positive
Shafa Muhammad Alif_XB_32,10/7/2025 10:39,"can you fix aap system?, thes still can hacked",5,0,can you fix aap system thes still can hacked,"['can', 'you', 'fix', 'aap', 'system', 'thes', 'still', 'can', 'hacked']","['can', 'you', 'fix', 'aap', 'system', 'thes', 'still', 'can', 'hacked']",positive
Rezky GG,10/7/2025 8:34,"saat ini game nya seru tapi banyak sekali kendala seperti dc,di tuduh pvn dan lain lain tolong segera perbaiki game nya dan ban para auto",5,0,game seru kendala dcdi tuduh pvn tolong baik game ban auto,"['game', 'seru', 'kendala', 'dcdi', 'tuduh', 'pvn', 'tolong', 'baik', 'game', 'ban', 'auto']","['game', 'seru', 'kendala', 'dcdi', 'tuduh', 'pvn', 'tolong', 'baik', 'game', 'ban', 'auto']",positive
nopal sigma,10/7/2025 8:28,"knp saya beri *4?,karena growtopia sering terjadi disconnect + sering susah masuk growtopia dengan alasan yg sebelum sebelumnya,jadi menurut saya game ini seru saja dan kalian harus menikmatinya.selamat mencobaüì•",4,0,knp disconnect susah masuk alas sebelumnyajadi game seru menikmatinyaselamat coba,"['knp', 'disconnect', 'susah', 'masuk', 'alas', 'sebelumnyajadi', 'game', 'seru', 'menikmatinyaselamat', 'coba']","['knp', 'disconnect', 'susah', 'masuk', 'alas', 'sebelumnyajadi', 'game', 'seru', 'menikmatinyaselamat', 'coba']",positive
Rani Mulyani,10/7/2025 8:20,game sejuta kenangan,5,0,game juta kenang,"['game', 'juta', 'kenang']","['game', 'juta', 'kenang']",positive
Rizky Putra,10/7/2025 6:35,saya cukup kecewa dengan tiba tiba saya diband dan tidak sengaja saya minta tolong buat lebih benerin lagi saya suka dengan game ini mungkin saya kalo tidak suka sudah saya kasih bintang satu saya sangat suka dengan game ini tankyu sudah bikin game ini,5,0,kecewa diband sengaja tolong benerin suka game suka kasih bintang suka game tankyu game,"['kecewa', 'diband', 'sengaja', 'tolong', 'benerin', 'suka', 'game', 'suka', 'kasih', 'bintang', 'suka', 'game', 'tankyu', 'game']","['kecewa', 'diband', 'sengaja', 'tolong', 'benerin', 'suka', 'game', 'suka', 'kasih', 'bintang', 'suka', 'game', 'tankyu', 'game']",positive
sigmafenzo,10/6/2025 14:57,"saran gw mah mending hancur2 aja dah ni game, abis tu rebuild jadi lebih baik,",5,0,saran mah mending hancur game abis tu rebuild,"['saran', 'mah', 'mending', 'hancur', 'game', 'abis', 'tu', 'rebuild']","['saran', 'mah', 'mending', 'hancur', 'game', 'abis', 'tu', 'rebuild']",positive
Fer,10/7/2025 3:35,game broken my account suddenly got suspended even though i didn't make any mistakes,5,0,game broken my account suddenly got suspended even though didnt make any mistakes,"['game', 'broken', 'my', 'account', 'suddenly', 'got', 'suspended', 'even', 'though', 'didnt', 'make', 'any', 'mistakes']","['game', 'broken', 'my', 'account', 'suddenly', 'got', 'suspended', 'even', 'though', 'didnt', 'make', 'any', 'mistakes']",positive
Satria Arafi,10/7/2025 2:34,saya tidak memakai vpn tapi setiap login selalu ada pelanggaran jika saya sedang menggunakan vpn mohon perbaiki,5,0,pakai vpn login langgar vpn mohon baik,"['pakai', 'vpn', 'login', 'langgar', 'vpn', 'mohon', 'baik']","['pakai', 'vpn', 'login', 'langgar', 'vpn', 'mohon', 'baik']",positive
Raffa Aprilzha,10/6/2025 14:59,rame lah,5,0,rame,['rame'],['rame'],positive
panji jipang,10/6/2025 22:44,"cheap ssp at hessp nih game lumayan buat ngasah pikiran buat strategi dapetin lock lewat profitan apapun, keren",4,0,cheap ssp at hessp game lumayan ngasah pikir strategi dapetin lock profit apa keren,"['cheap', 'ssp', 'at', 'hessp', 'game', 'lumayan', 'ngasah', 'pikir', 'strategi', 'dapetin', 'lock', 'profit', 'apa', 'keren']","['cheap', 'ssp', 'at', 'hessp', 'game', 'lumayan', 'ngasah', 'pikir', 'strategi', 'dapetin', 'lock', 'profit', 'apa', 'keren']",positive
KratosGaming,10/6/2025 21:26,unban shorbook,5,0,unban shorbook,"['unban', 'shorbook']","['unban', 'shorbook']",positive
Diki19 Gt,10/6/2025 17:28,the best,5,0,the best,"['the', 'best']","['the', 'best']",positive
Halimi SISKO,10/6/2025 17:10,"pleaselah, kenapa salah baned ip mulu, main sehat dibaned, tapi bot merajalela didiemin aja, pls @ubisoft",4,0,pleaselah salah baned ip mulu main sehat dibaned bot rajalela didiemin pls ubisoft,"['pleaselah', 'salah', 'baned', 'ip', 'mulu', 'main', 'sehat', 'dibaned', 'bot', 'rajalela', 'didiemin', 'pls', 'ubisoft']","['pleaselah', 'salah', 'baned', 'ip', 'mulu', 'main', 'sehat', 'dibaned', 'bot', 'rajalela', 'didiemin', 'pls', 'ubisoft']",positive
Dhika,10/6/2025 16:21,"makasih udah buat game ini, karna dari game ini gw bisa belajar cara bergaul dan belajar tentang ekonomi, walaupun sekarang game nya aga rusak karna bot",5,0,makasih udah game karna game ajar gaul ajar ekonomi game aga rusak karna bot,"['makasih', 'udah', 'game', 'karna', 'game', 'ajar', 'gaul', 'ajar', 'ekonomi', 'game', 'aga', 'rusak', 'karna', 'bot']","['makasih', 'udah', 'game', 'karna', 'game', 'ajar', 'gaul', 'ajar', 'ekonomi', 'game', 'aga', 'rusak', 'karna', 'bot']",positive
Nathan Niel,10/6/2025 16:11,"this this a good game but, maybe u can fix some bug or problem in every account",4,0,this this good game but maybe can fix some bug or problem in every account,"['this', 'this', 'good', 'game', 'but', 'maybe', 'can', 'fix', 'some', 'bug', 'or', 'problem', 'in', 'every', 'account']","['this', 'this', 'good', 'game', 'but', 'maybe', 'can', 'fix', 'some', 'bug', 'or', 'problem', 'in', 'every', 'account']",positive
Prabu,10/6/2025 15:20,i like this game alooott,5,0,like this game alooott,"['like', 'this', 'game', 'alooott']","['like', 'this', 'game', 'alooott']",positive
Munav,10/6/2025 15:05,unban my account munav i got suspend because someone using auto in my free bfg,5,0,unban my account munav got suspend because someone using auto in my free bfg,"['unban', 'my', 'account', 'munav', 'got', 'suspend', 'because', 'someone', 'using', 'auto', 'in', 'my', 'free', 'bfg']","['unban', 'my', 'account', 'munav', 'got', 'suspend', 'because', 'someone', 'using', 'auto', 'in', 'my', 'free', 'bfg']",positive
